unknown	document	note	3630 nodes, 101 of them focusable, at 1 device pixels per CSS pixel
unknown	rect	node:zgui componentsevery component in the li	0.0 0.0 947.0 512.0
unknown	rect	node:	0.0 0.0 932.0 497.0
unknown	rect	node:	0.0 0.0 932.0 497.0
unknown	rect	node:	0.0 0.0 932.0 497.0
unknown	rect	node:	572.0 465.0 360.0 32.0
unknown	rect	node:	0.0 0.0 932.0 497.0
unknown	rect	node:	0.0 0.0 932.0 497.0
unknown	rect	node:zgui componentsevery component in the li	0.0 0.0 932.0 7619.0
unknown	rect	node:zgui componentsevery component in the li	24.0 24.0 884.0 60.0
unknown	rect	node:zgui componentsevery component in the li	24.0 24.0 293.0 60.0
unknown	rect	node:zgui components	24.0 24.0 293.0 36.0
unknown	rect	node:every component in the library, in a rea	24.0 64.0 293.0 20.0
unknown	rect	node:	333.0 54.0 421.0 0.0
unknown	rect	node:light	770.0 43.0 41.0 22.0
unknown	rect	node:light	779.0 46.0 23.1 16.0
unknown	rect	node:Dark	827.0 45.0 29.0 18.0
unknown	rect	node:	872.0 44.0 36.0 20.0
unknown	rect	node:	875.0 46.0 16.0 16.0
unknown	rect	node:Buttonsix variants, four sizes, and disa	24.0 108.0 884.0 7487.0
unknown	rect	node:Buttonsix variants, four sizes, and disa	24.0 108.0 514.0 338.0
unknown	rect	node:Button	41.0 125.0 480.0 24.0
unknown	rect	node:six variants, four sizes, and disabled	41.0 153.0 480.0 16.0
unknown	rect	node:variantsDefaultSecondaryDestructiveOutli	41.0 173.0 480.0 256.0
unknown	rect	node:variantsDefaultSecondaryDestructiveOutli	41.0 185.0 480.0 101.0
unknown	rect	node:variants	41.0 185.0 480.0 17.0
unknown	rect	node:DefaultSecondaryDestructiveOutlineGhostL	41.0 206.0 480.0 80.0
unknown	rect	node:Default	41.0 206.0 82.0 36.0
unknown	rect	node:Default	58.0 214.0 48.2 20.0
unknown	rect	node:Secondary	131.0 206.0 107.0 36.0
unknown	rect	node:Secondary	148.0 214.0 73.0 20.0
unknown	rect	node:Destructive	246.0 206.0 111.0 36.0
unknown	rect	node:Destructive	263.0 214.0 77.0 20.0
unknown	rect	node:Outline	365.0 206.0 82.0 36.0
unknown	rect	node:Outline	382.0 214.0 48.1 20.0
unknown	rect	node:Ghost	41.0 250.0 74.0 36.0
unknown	rect	node:Ghost	58.0 258.0 40.0 20.0
unknown	rect	node:Link	123.0 250.0 61.0 36.0
unknown	rect	node:Link	140.0 258.0 27.7 20.0
unknown	rect	node:sizesSmallMediumLarge	41.0 298.0 480.0 62.0
unknown	rect	node:sizes	41.0 298.0 480.0 16.0
unknown	rect	node:SmallMediumLarge	41.0 318.0 480.0 42.0
unknown	rect	node:Small	41.0 324.0 61.0 30.0
unknown	rect	node:Small	54.0 329.0 35.0 20.0
unknown	rect	node:Medium	110.0 321.0 88.0 36.0
unknown	rect	node:Medium	127.0 329.0 54.0 20.0
unknown	rect	node:Large	206.0 318.0 93.0 42.0
unknown	rect	node:Large	231.0 329.0 43.0 20.0
unknown	rect	node:	307.0 321.0 36.0 36.0
unknown	rect	node:	317.0 331.0 16.0 16.0
unknown	rect	node:disabledDefaultOutline	41.0 372.0 480.0 57.0
unknown	rect	node:disabled	41.0 372.0 480.0 17.0
unknown	rect	node:DefaultOutline	41.0 393.0 480.0 36.0
unknown	rect	node:Default	41.0 393.0 82.0 36.0
unknown	rect	node:Default	58.0 401.0 48.2 20.0
unknown	rect	node:Outline	131.0 393.0 82.0 36.0
unknown	rect	node:Outline	148.0 401.0 48.1 20.0
unknown	rect	node:Badge, label, separatorthe labels that a	554.0 108.0 314.0 312.0
unknown	rect	node:Badge, label, separator	571.0 125.0 280.0 24.0
unknown	rect	node:the labels that are not controls	571.0 153.0 280.0 16.0
unknown	rect	node:badgeDefaultSecondaryDestructiveOutlines	571.0 173.0 280.0 230.0
unknown	rect	node:badgeDefaultSecondaryDestructiveOutline	571.0 185.0 280.0 73.0
unknown	rect	node:badge	571.0 185.0 280.0 17.0
unknown	rect	node:DefaultSecondaryDestructiveOutline	571.0 206.0 280.0 52.0
unknown	rect	node:Default	571.0 206.0 56.0 22.0
unknown	rect	node:Default	580.0 209.0 38.0 16.0
unknown	rect	node:Secondary	635.0 206.0 75.0 22.0
unknown	rect	node:Secondary	644.0 209.0 57.0 16.0
unknown	rect	node:Destructive	718.0 206.0 78.0 22.0
unknown	rect	node:Destructive	727.0 209.0 60.4 16.0
unknown	rect	node:Outline	571.0 236.0 56.0 22.0
unknown	rect	node:Outline	580.0 239.0 38.0 16.0
unknown	rect	node:separatorAboveBelow	571.0 270.0 280.0 79.0
unknown	rect	node:separator	571.0 270.0 280.0 16.0
unknown	rect	node:AboveBelow	571.0 290.0 280.0 59.0
unknown	rect	node:AboveBelow	571.0 290.0 280.0 59.0
unknown	rect	node:Above	571.0 290.0 280.0 21.0
unknown	rect	node:	571.0 319.0 280.0 1.0
unknown	rect	node:Below	571.0 328.0 280.0 21.0
unknown	rect	node:verticalLeftRight	571.0 361.0 280.0 42.0
unknown	rect	node:vertical	571.0 361.0 280.0 17.0
unknown	rect	node:LeftRight	571.0 382.0 280.0 21.0
unknown	rect	node:LeftRight	571.0 382.0 77.0 21.0
unknown	rect	node:Left	571.0 382.0 25.0 21.0
unknown	rect	node:	604.0 382.0 1.0 21.0
unknown	rect	node:Right	613.0 382.0 35.0 21.0
unknown	rect	node:Avatar and skeletonwho it is, and what h	884.0 108.0 270.0 267.0
unknown	rect	node:Avatar and skeleton	901.0 125.0 236.0 24.0
unknown	rect	node:who it is, and what has not arrived yet	901.0 153.0 236.0 16.0
unknown	rect	node:avatarALGHBLskeleton	901.0 173.0 236.0 185.0
unknown	rect	node:avatarALGHBL	901.0 185.0 236.0 77.0
unknown	rect	node:avatar	901.0 185.0 236.0 17.0
unknown	rect	node:ALGHBL	901.0 206.0 236.0 56.0
unknown	rect	node:AL	901.0 220.0 28.0 28.0
unknown	rect	node:AL	908.0 225.0 14.0 17.0
unknown	rect	node:GH	937.0 214.0 40.0 40.0
unknown	rect	node:GH	947.0 224.0 20.0 19.5
unknown	rect	node:BL	985.0 206.0 56.0 56.0
unknown	rect	node:BL	1003.0 222.0 20.0 24.0
unknown	rect	node:skeleton	901.0 274.0 236.0 84.0
unknown	rect	node:skeleton	901.0 274.0 236.0 16.0
unknown	rect	node:	901.0 294.0 236.0 64.0
unknown	rect	node:	901.0 294.0 236.0 64.0
unknown	rect	node:	901.0 294.0 165.0 16.0
unknown	rect	node:	901.0 318.0 236.0 16.0
unknown	rect	node:	901.0 342.0 94.0 16.0
unknown	rect	node:Text off the atlasturned, oversized and 	24.0 462.0 514.0 486.0
unknown	rect	node:Text off the atlas	41.0 479.0 480.0 24.0
unknown	rect	node:turned, oversized and gradient-filled ru	41.0 507.0 480.0 16.0
unknown	rect	node:rotatedRotated 20°display sizeAggradient	41.0 527.0 480.0 404.0
unknown	rect	node:rotatedRotated 20°	41.0 539.0 480.0 111.0
unknown	rect	node:rotated	41.0 539.0 480.0 17.0
unknown	rect	node:Rotated 20°	41.0 560.0 480.0 90.0
unknown	rect	node:Rotated 20°	41.0 560.0 220.0 90.0
unknown	rect	node:Rotated 20°	41.0 560.0 139.0 36.0
unknown	rect	node:display sizeAg	41.0 662.0 480.0 152.0
unknown	rect	node:display size	41.0 662.0 480.0 16.0
unknown	rect	node:Ag	41.0 682.0 480.0 132.0
unknown	rect	node:Ag	41.0 682.0 159.0 132.0
unknown	rect	node:gradientGradient	41.0 826.0 480.0 105.0
unknown	rect	node:gradient	41.0 826.0 480.0 17.0
unknown	rect	node:Gradient	41.0 847.0 480.0 84.0
unknown	rect	node:Gradient	41.0 847.0 244.0 84.0
unknown	rect	node:Iconone path each, coloured by the inher	554.0 462.0 314.0 183.0
unknown	rect	node:Icon	571.0 479.0 280.0 24.0
unknown	rect	node:one path each, coloured by the inherited	571.0 507.0 280.0 16.0
unknown	rect	node:markssizes	571.0 527.0 280.0 101.0
unknown	rect	node:marks	571.0 539.0 280.0 37.0
unknown	rect	node:marks	571.0 539.0 280.0 17.0
unknown	rect	node:	571.0 560.0 280.0 16.0
unknown	rect	node:	571.0 560.0 16.0 16.0
unknown	rect	node:	595.0 560.0 16.0 16.0
unknown	rect	node:	619.0 560.0 16.0 16.0
unknown	rect	node:	643.0 560.0 16.0 16.0
unknown	rect	node:	667.0 560.0 16.0 16.0
unknown	rect	node:	691.0 560.0 16.0 16.0
unknown	rect	node:	715.0 560.0 16.0 16.0
unknown	rect	node:	739.0 560.0 16.0 16.0
unknown	rect	node:sizes	571.0 588.0 280.0 40.0
unknown	rect	node:sizes	571.0 588.0 280.0 16.0
unknown	rect	node:	571.0 608.0 280.0 20.0
unknown	rect	node:	571.0 612.0 12.0 12.0
unknown	rect	node:	591.0 610.0 16.0 16.0
unknown	rect	node:	615.0 608.0 20.0 20.0
unknown	rect	node:Input and textareafilled, empty with a p	884.0 462.0 270.0 414.0
unknown	rect	node:Input and textarea	901.0 479.0 236.0 24.0
unknown	rect	node:filled, empty with a placeholder, and di	901.0 507.0 236.0 16.0
unknown	rect	node:labelledDisplay nameAda Lovelaceplacehol	901.0 527.0 236.0 332.0
unknown	rect	node:labelledDisplay nameAda Lovelace	901.0 539.0 236.0 79.0
unknown	rect	node:labelled	901.0 539.0 236.0 17.0
unknown	rect	node:Display nameAda Lovelace	901.0 560.0 236.0 58.0
unknown	rect	node:Display nameAda Lovelace	901.0 560.0 236.0 58.0
unknown	rect	node:Display name	901.0 560.0 236.0 18.0
unknown	rect	node:Ada Lovelace	901.0 582.0 236.0 36.0
unknown	rect	node:Ada Lovelace	914.0 590.0 90.0 20.0
unknown	rect	node:placeholder	901.0 630.0 236.0 56.0
unknown	rect	node:placeholder	901.0 630.0 236.0 16.0
unknown	rect	node:	901.0 650.0 236.0 36.0
unknown	rect	node:	901.0 650.0 236.0 36.0
unknown	rect	node:disabled	901.0 698.0 236.0 57.0
unknown	rect	node:disabled	901.0 698.0 236.0 17.0
unknown	rect	node:	901.0 719.0 236.0 36.0
unknown	rect	node:	901.0 719.0 236.0 36.0
unknown	rect	node:textareaTwo lines of
notes.	901.0 767.0 236.0 92.0
unknown	rect	node:textarea	901.0 767.0 236.0 16.0
unknown	rect	node:Two lines of
notes.	901.0 787.0 236.0 72.0
unknown	rect	node:Two lines of
notes.	901.0 787.0 236.0 72.0
unknown	rect	node:One-time codeone box per charactersix bo	24.0 964.0 514.0 159.0
unknown	rect	node:One-time code	41.0 981.0 480.0 24.0
unknown	rect	node:one box per character	41.0 1009.0 480.0 16.0
unknown	rect	node:six boxes42	41.0 1029.0 480.0 77.0
unknown	rect	node:six boxes42	41.0 1041.0 480.0 65.0
unknown	rect	node:six boxes	41.0 1041.0 480.0 17.0
unknown	rect	node:42	41.0 1062.0 480.0 44.0
unknown	rect	node:42	41.0 1062.0 256.0 44.0
unknown	rect	node:4	41.0 1062.0 36.0 44.0
unknown	rect	node:4	54.0 1072.0 10.0 24.0
unknown	rect	node:2	85.0 1062.0 36.0 44.0
unknown	rect	node:2	98.0 1072.0 10.0 24.0
unknown	rect	node:	129.0 1062.0 36.0 44.0
unknown	rect	node:	173.0 1062.0 36.0 44.0
unknown	rect	node:	217.0 1062.0 36.0 44.0
unknown	rect	node:	261.0 1062.0 36.0 44.0
unknown	rect	node:Forma field that says what is wrong with	554.0 964.0 314.0 226.0
unknown	rect	node:Form	571.0 981.0 280.0 24.0
unknown	rect	node:a field that says what is wrong with it	571.0 1009.0 280.0 16.0
unknown	rect	node:Emailnot-an-addressWe only write about t	571.0 1029.0 280.0 144.0
unknown	rect	node:Emailnot-an-addressWe only write about t	571.0 1041.0 280.0 132.0
unknown	rect	node:Emailnot-an-addressWe only write about t	571.0 1041.0 280.0 80.0
unknown	rect	node:Emailnot-an-addressWe only write about t	571.0 1041.0 280.0 80.0
unknown	rect	node:Email	571.0 1041.0 280.0 18.0
unknown	rect	node:not-an-address	571.0 1063.0 280.0 36.0
unknown	rect	node:not-an-address	584.0 1071.0 103.0 20.0
unknown	rect	node:We only write about this account.	571.0 1103.0 280.0 18.0
unknown	rect	node:Sign up	571.0 1137.0 280.0 36.0
unknown	rect	node:Sign up	686.0 1145.0 50.5 20.0
unknown	rect	node:Checkboxon, off, part-way and disabledst	884.0 964.0 270.0 181.0
unknown	rect	node:Checkbox	901.0 981.0 236.0 24.0
unknown	rect	node:on, off, part-way and disabled	901.0 1009.0 236.0 16.0
unknown	rect	node:stateswith a labelI accept the terms	901.0 1029.0 236.0 99.0
unknown	rect	node:states	901.0 1041.0 236.0 37.0
unknown	rect	node:states	901.0 1041.0 236.0 17.0
unknown	rect	node:	901.0 1062.0 236.0 16.0
unknown	rect	node:	901.0 1062.0 16.0 16.0
unknown	rect	node:	897.0 1064.0 12.0 12.0
unknown	rect	node:	909.0 1064.0 12.0 12.0
unknown	rect	node:	925.0 1062.0 16.0 16.0
unknown	rect	node:	921.0 1064.0 12.0 12.0
unknown	rect	node:	933.0 1064.0 12.0 12.0
unknown	rect	node:	949.0 1062.0 16.0 16.0
unknown	rect	node:	945.0 1064.0 12.0 12.0
unknown	rect	node:	957.0 1064.0 12.0 12.0
unknown	rect	node:	973.0 1062.0 16.0 16.0
unknown	rect	node:	969.0 1064.0 12.0 12.0
unknown	rect	node:	981.0 1064.0 12.0 12.0
unknown	rect	node:with a labelI accept the terms	901.0 1090.0 236.0 38.0
unknown	rect	node:with a label	901.0 1090.0 236.0 16.0
unknown	rect	node:I accept the terms	901.0 1110.0 236.0 18.0
unknown	rect	node:I accept the terms	901.0 1110.0 136.0 18.0
unknown	rect	node:	901.0 1111.0 16.0 16.0
unknown	rect	node:	897.0 1113.0 12.0 12.0
unknown	rect	node:	909.0 1113.0 12.0 12.0
unknown	rect	node:I accept the terms	925.0 1110.0 112.0 18.0
unknown	rect	node:Radio and switchone of several, and one 	24.0 1206.0 514.0 189.0
unknown	rect	node:Radio and switch	41.0 1223.0 480.0 24.0
unknown	rect	node:one of several, and one that is on or of	41.0 1251.0 480.0 17.0
unknown	rect	node:radio groupMonthlyYearlyNeverswitchSend 	41.0 1272.0 480.0 106.0
unknown	rect	node:radio groupMonthlyYearlyNever	41.0 1284.0 480.0 41.0
unknown	rect	node:radio group	41.0 1284.0 480.0 16.0
unknown	rect	node:MonthlyYearlyNever	41.0 1304.0 480.0 21.0
unknown	rect	node:MonthlyYearlyNever	41.0 1304.0 221.0 21.0
unknown	rect	node:MonthlyYearlyNever	41.0 1304.0 221.0 21.0
unknown	rect	node:	41.0 1307.0 16.0 16.0
unknown	rect	node:	45.0 1311.0 8.0 8.0
unknown	rect	node:Monthly	65.0 1304.0 54.0 21.0
unknown	rect	node:	127.0 1307.0 16.0 16.0
unknown	rect	node:	131.0 1311.0 8.0 8.0
unknown	rect	node:Yearly	151.0 1304.0 40.0 21.0
unknown	rect	node:	199.0 1307.0 16.0 16.0
unknown	rect	node:	203.0 1311.0 8.0 8.0
unknown	rect	node:Never	223.0 1304.0 39.0 21.0
unknown	rect	node:switchSend me email	41.0 1337.0 480.0 41.0
unknown	rect	node:switch	41.0 1337.0 480.0 17.0
unknown	rect	node:Send me email	41.0 1358.0 480.0 20.0
unknown	rect	node:Send me email	41.0 1358.0 180.0 20.0
unknown	rect	node:	41.0 1358.0 36.0 20.0
unknown	rect	node:	44.0 1360.0 16.0 16.0
unknown	rect	node:Send me email	85.0 1359.0 92.0 18.0
unknown	rect	node:	185.0 1358.0 36.0 20.0
unknown	rect	node:	188.0 1360.0 16.0 16.0
unknown	rect	node:Togglea control that stays pressed, alon	554.0 1206.0 314.0 230.0
unknown	rect	node:Toggle	571.0 1223.0 280.0 24.0
unknown	rect	node:a control that stays pressed, alone and 	571.0 1251.0 280.0 17.0
unknown	rect	node:variantsBISLDgroup	571.0 1272.0 280.0 147.0
unknown	rect	node:variantsBISLD	571.0 1284.0 280.0 62.0
unknown	rect	node:variants	571.0 1284.0 280.0 16.0
unknown	rect	node:BISLD	571.0 1304.0 280.0 42.0
unknown	rect	node:B	571.0 1307.0 36.0 36.0
unknown	rect	node:B	584.0 1315.0 10.0 21.0
unknown	rect	node:I	615.0 1307.0 36.0 36.0
unknown	rect	node:I	631.0 1315.0 4.0 21.0
unknown	rect	node:S	659.0 1310.0 30.0 30.0
unknown	rect	node:S	669.0 1315.0 10.0 21.0
unknown	rect	node:L	697.0 1304.0 42.0 42.0
unknown	rect	node:L	714.0 1315.0 8.0 21.0
unknown	rect	node:D	747.0 1307.0 36.0 36.0
unknown	rect	node:D	760.0 1315.0 10.1 21.0
unknown	rect	node:group	571.0 1358.0 280.0 61.0
unknown	rect	node:group	571.0 1358.0 280.0 17.0
unknown	rect	node:	571.0 1379.0 280.0 40.0
unknown	rect	node:	571.0 1379.0 126.0 40.0
unknown	rect	node:	571.0 1379.0 42.0 36.0
unknown	rect	node:	584.0 1389.0 16.0 16.0
unknown	rect	node:	613.0 1379.0 42.0 36.0
unknown	rect	node:	626.0 1389.0 16.0 16.0
unknown	rect	node:	655.0 1379.0 42.0 36.0
unknown	rect	node:	668.0 1389.0 16.0 16.0
unknown	rect	node:Sliderdragged, or moved with the arrowsv	884.0 1206.0 270.0 217.0
unknown	rect	node:Slider	901.0 1223.0 236.0 24.0
unknown	rect	node:dragged, or moved with the arrows	901.0 1251.0 236.0 17.0
unknown	rect	node:value40disabled	901.0 1272.0 236.0 134.0
unknown	rect	node:value40	901.0 1284.0 236.0 69.0
unknown	rect	node:value	901.0 1284.0 236.0 16.0
unknown	rect	node:40	901.0 1304.0 236.0 49.0
unknown	rect	node:40	901.0 1304.0 236.0 49.0
unknown	rect	node:	901.0 1304.0 236.0 20.0
unknown	rect	node:	901.0 1312.0 236.0 4.0
unknown	rect	node:	901.0 1312.0 94.0 4.0
unknown	rect	node:	987.0 1306.0 16.0 16.0
unknown	rect	node:40	901.0 1332.0 236.0 21.0
unknown	rect	node:disabled	901.0 1365.0 236.0 41.0
unknown	rect	node:disabled	901.0 1365.0 236.0 17.0
unknown	rect	node:	901.0 1386.0 236.0 20.0
unknown	rect	node:	901.0 1386.0 236.0 20.0
unknown	rect	node:	901.0 1394.0 236.0 4.0
unknown	rect	node:	901.0 1394.0 94.0 4.0
unknown	rect	node:	987.0 1388.0 16.0 16.0
unknown	rect	node:Alerta note in place, in two tonesHeads 	24.0 1452.0 514.0 258.0
unknown	rect	node:Alert	41.0 1469.0 480.0 24.0
unknown	rect	node:a note in place, in two tones	41.0 1497.0 480.0 16.0
unknown	rect	node:Heads upComponents can be added to this 	41.0 1517.0 480.0 176.0
unknown	rect	node:Heads upComponents can be added to this 	41.0 1529.0 480.0 76.0
unknown	rect	node:	58.0 1546.0 16.0 16.0
unknown	rect	node:Heads upComponents can be added to this 	86.0 1546.0 246.0 42.0
unknown	rect	node:Heads up	86.0 1546.0 246.0 20.0
unknown	rect	node:Components can be added to this page.	86.0 1570.0 246.0 18.0
unknown	rect	node:Your card expires this monthUpdate it be	41.0 1617.0 480.0 76.0
unknown	rect	node:	58.0 1634.0 16.0 16.0
unknown	rect	node:Your card expires this monthUpdate it be	86.0 1634.0 204.0 42.0
unknown	rect	node:Your card expires this month	86.0 1634.0 204.0 20.0
unknown	rect	node:Update it before the next invoice.	86.0 1658.0 204.0 18.0
unknown	rect	node:Carda header, a body and a footerMarchDu	554.0 1452.0 314.0 295.0
unknown	rect	node:Card	571.0 1469.0 280.0 24.0
unknown	rect	node:a header, a body and a footer	571.0 1497.0 280.0 16.0
unknown	rect	node:MarchDue on the 28th£42.00 for one seat.	571.0 1517.0 280.0 213.0
unknown	rect	node:MarchDue on the 28th£42.00 for one seat.	571.0 1529.0 280.0 201.0
unknown	rect	node:MarchDue on the 28th	572.0 1530.0 278.0 70.0
unknown	rect	node:March	596.0 1554.0 230.0 24.0
unknown	rect	node:Due on the 28th	596.0 1582.0 230.0 18.0
unknown	rect	node:£42.00 for one seat.	572.0 1600.0 278.0 69.0
unknown	rect	node:LaterPay	572.0 1669.0 278.0 60.0
unknown	rect	node:Later	596.0 1669.0 68.0 36.0
unknown	rect	node:Later	613.0 1677.0 34.1 20.0
unknown	rect	node:Pay	672.0 1669.0 59.0 36.0
unknown	rect	node:Pay	689.0 1677.0 25.0 20.0
unknown	rect	node:Progresshow far along, and how far along	884.0 1452.0 270.0 201.0
unknown	rect	node:Progress	901.0 1469.0 236.0 24.0
unknown	rect	node:how far along, and how far along is unkn	901.0 1497.0 236.0 16.0
unknown	rect	node:determinateLessMore62%indeterminate	901.0 1517.0 236.0 119.0
unknown	rect	node:determinateLessMore62%	901.0 1529.0 236.0 67.0
unknown	rect	node:determinate	901.0 1529.0 236.0 17.0
unknown	rect	node:LessMore62%	901.0 1550.0 236.0 46.0
unknown	rect	node:LessMore62%	901.0 1550.0 236.0 46.0
unknown	rect	node:	901.0 1550.0 236.0 8.0
unknown	rect	node:	901.0 1550.0 146.0 8.0
unknown	rect	node:LessMore62%	901.0 1566.0 236.0 30.0
unknown	rect	node:Less	901.0 1566.0 55.0 30.0
unknown	rect	node:Less	914.0 1571.0 29.0 20.0
unknown	rect	node:More	964.0 1566.0 58.0 30.0
unknown	rect	node:More	977.0 1571.0 32.1 20.0
unknown	rect	node:62%	1030.0 1570.0 28.0 21.0
unknown	rect	node:indeterminate	901.0 1608.0 236.0 28.0
unknown	rect	node:indeterminate	901.0 1608.0 236.0 16.0
unknown	rect	node:	901.0 1628.0 236.0 8.0
unknown	rect	node:	901.0 1628.0 236.0 8.0
unknown	rect	node:	901.0 1628.0 94.0 8.0
unknown	rect	node:Toastannounced from anywhere below the t	24.0 1763.0 514.0 151.0
unknown	rect	node:Toast	41.0 1780.0 480.0 24.0
unknown	rect	node:announced from anywhere below the toaste	41.0 1808.0 480.0 17.0
unknown	rect	node:push oneSaveFail	41.0 1829.0 480.0 68.0
unknown	rect	node:push oneSaveFail	41.0 1841.0 480.0 56.0
unknown	rect	node:push one	41.0 1841.0 480.0 16.0
unknown	rect	node:SaveFail	41.0 1861.0 480.0 36.0
unknown	rect	node:SaveFail	41.0 1861.0 132.0 36.0
unknown	rect	node:Save	41.0 1861.0 67.0 36.0
unknown	rect	node:Save	58.0 1869.0 33.0 20.0
unknown	rect	node:Fail	116.0 1861.0 57.0 36.0
unknown	rect	node:Fail	133.0 1869.0 23.4 20.0
unknown	rect	node:Accordionone answer open at a time, walk	554.0 1763.0 314.0 309.0
unknown	rect	node:Accordion	571.0 1780.0 280.0 24.0
unknown	rect	node:one answer open at a time, walked with t	571.0 1808.0 280.0 17.0
unknown	rect	node:When does it ship?Within two working day	571.0 1829.0 280.0 226.0
unknown	rect	node:When does it ship?Within two working day	571.0 1841.0 280.0 214.0
unknown	rect	node:When does it ship?Within two working day	571.0 1841.0 280.0 106.0
unknown	rect	node:When does it ship?	571.0 1841.0 280.0 53.0
unknown	rect	node:When does it ship?	571.0 1841.0 280.0 53.0
unknown	rect	node:When does it ship?	571.0 1857.0 127.0 21.0
unknown	rect	node:Within two working days, and sooner on a	571.0 1894.0 280.0 52.0
unknown	rect	node:Within two working days, and sooner on a	571.0 1894.0 280.0 52.0
unknown	rect	node:Within two working days, and sooner on a	571.0 1894.0 280.0 36.0
unknown	rect	node:Can I send it back?For thirty days, unop	571.0 1947.0 280.0 54.0
unknown	rect	node:Can I send it back?	571.0 1947.0 280.0 53.0
unknown	rect	node:Can I send it back?	571.0 1947.0 280.0 53.0
unknown	rect	node:Can I send it back?	571.0 1963.0 127.0 21.0
unknown	rect	node:For thirty days, unopened.	571.0 2000.0 280.0 0.0
unknown	rect	node:For thirty days, unopened.	571.0 2000.0 280.0 34.0
unknown	rect	node:For thirty days, unopened.	571.0 2000.0 280.0 18.0
unknown	rect	node:Who do I ask?Anyone on the team.	571.0 2001.0 280.0 54.0
unknown	rect	node:Who do I ask?	571.0 2001.0 280.0 53.0
unknown	rect	node:Who do I ask?	571.0 2001.0 280.0 53.0
unknown	rect	node:Who do I ask?	571.0 2017.0 94.0 21.0
unknown	rect	node:Anyone on the team.	571.0 2054.0 280.0 0.0
unknown	rect	node:Anyone on the team.	571.0 2054.0 280.0 34.0
unknown	rect	node:Anyone on the team.	571.0 2054.0 280.0 18.0
unknown	rect	node:Collapsibleone thing, folded away until 	884.0 1763.0 270.0 132.0
unknown	rect	node:Collapsible	901.0 1780.0 236.0 24.0
unknown	rect	node:one thing, folded away until it is asked	901.0 1808.0 236.0 17.0
unknown	rect	node:Delivery detailsArrives Thursday, signed	901.0 1829.0 236.0 49.0
unknown	rect	node:Delivery detailsArrives Thursday, signed	901.0 1841.0 236.0 37.0
unknown	rect	node:Delivery details	901.0 1841.0 236.0 37.0
unknown	rect	node:Delivery details	901.0 1849.0 104.0 21.0
unknown	rect	node:Arrives Thursday, signed for.Tracked fro	901.0 1878.0 236.0 0.0
unknown	rect	node:Arrives Thursday, signed for.Tracked fro	901.0 1878.0 236.0 68.0
unknown	rect	node:Arrives Thursday, signed for.Tracked fro	901.0 1878.0 236.0 68.0
unknown	rect	node:Arrives Thursday, signed for.	910.0 1887.0 218.0 21.0
unknown	rect	node:Tracked from the depot.	910.0 1916.0 218.0 21.0
unknown	rect	node:Tabsautomatic activation, with one tab t	24.0 2088.0 514.0 165.0
unknown	rect	node:Tabs	41.0 2105.0 480.0 24.0
unknown	rect	node:automatic activation, with one tab that 	41.0 2133.0 480.0 16.0
unknown	rect	node:ProfileBillingTeamYour name, your pictur	41.0 2153.0 480.0 83.0
unknown	rect	node:ProfileBillingTeamYour name, your pictur	41.0 2165.0 480.0 71.0
unknown	rect	node:ProfileBillingTeam	41.0 2165.0 480.0 38.0
unknown	rect	node:Profile	45.0 2169.0 66.0 30.0
unknown	rect	node:Profile	58.0 2174.0 40.4 20.0
unknown	rect	node:Billing	115.0 2169.0 65.0 30.0
unknown	rect	node:Billing	128.0 2174.0 39.0 20.0
unknown	rect	node:Team	184.0 2169.0 60.0 30.0
unknown	rect	node:Team	197.0 2174.0 34.2 20.0
unknown	rect	node:Your name, your picture and how to reach	41.0 2215.0 480.0 21.0
unknown	rect	node:Your name, your picture and how to reach	41.0 2215.0 480.0 21.0
unknown	rect	node:Dialoga modal, with a dropdown inside it	554.0 2088.0 314.0 236.0
unknown	rect	node:Dialog	571.0 2105.0 280.0 24.0
unknown	rect	node:a modal, with a dropdown inside it that 	571.0 2133.0 280.0 33.0
unknown	rect	node:modalRename…destructiveDelete	571.0 2170.0 280.0 137.0
unknown	rect	node:modalRename…	571.0 2182.0 280.0 56.0
unknown	rect	node:modal	571.0 2182.0 280.0 16.0
unknown	rect	node:Rename…	571.0 2202.0 280.0 36.0
unknown	rect	node:Rename…	571.0 2202.0 101.0 36.0
unknown	rect	node:Rename…	588.0 2210.0 67.0 20.0
unknown	rect	node:destructiveDelete	571.0 2250.0 280.0 57.0
unknown	rect	node:destructive	571.0 2250.0 280.0 17.0
unknown	rect	node:Delete	571.0 2271.0 280.0 36.0
unknown	rect	node:Delete	571.0 2271.0 77.0 36.0
unknown	rect	node:Delete	588.0 2279.0 43.2 20.0
unknown	rect	node:Sheet and drawerin from an edge, and up 	884.0 2088.0 270.0 219.0
unknown	rect	node:Sheet and drawer	901.0 2105.0 236.0 24.0
unknown	rect	node:in from an edge, and up from the bottom	901.0 2133.0 236.0 16.0
unknown	rect	node:sheetDetailsdrawerShare	901.0 2153.0 236.0 137.0
unknown	rect	node:sheetDetails	901.0 2165.0 236.0 57.0
unknown	rect	node:sheet	901.0 2165.0 236.0 17.0
unknown	rect	node:Details	901.0 2186.0 236.0 36.0
unknown	rect	node:Details	901.0 2186.0 80.0 36.0
unknown	rect	node:Details	918.0 2194.0 46.2 20.0
unknown	rect	node:drawerShare	901.0 2234.0 236.0 56.0
unknown	rect	node:drawer	901.0 2234.0 236.0 16.0
unknown	rect	node:Share	901.0 2254.0 236.0 36.0
unknown	rect	node:Share	901.0 2254.0 73.0 36.0
unknown	rect	node:Share	918.0 2262.0 39.0 20.0
unknown	rect	node:Popover, tooltip, hover cardbeside a con	24.0 2340.0 514.0 273.0
unknown	rect	node:Popover, tooltip, hover card	41.0 2357.0 480.0 24.0
unknown	rect	node:beside a control rather than over the pa	41.0 2385.0 480.0 16.0
unknown	rect	node:popoverSizetooltipBhover card@ada	41.0 2405.0 480.0 191.0
unknown	rect	node:popoverSize	41.0 2417.0 480.0 57.0
unknown	rect	node:popover	41.0 2417.0 480.0 17.0
unknown	rect	node:Size	41.0 2438.0 480.0 36.0
unknown	rect	node:Size	41.0 2438.0 62.0 36.0
unknown	rect	node:Size	58.0 2446.0 28.4 20.0
unknown	rect	node:tooltipB	41.0 2486.0 480.0 56.0
unknown	rect	node:tooltip	41.0 2486.0 480.0 16.0
unknown	rect	node:B	41.0 2506.0 480.0 36.0
unknown	rect	node:B	41.0 2506.0 36.0 36.0
unknown	rect	node:B	41.0 2506.0 36.0 36.0
unknown	rect	node:B	54.0 2514.0 10.0 20.0
unknown	rect	node:hover card@ada	41.0 2554.0 480.0 42.0
unknown	rect	node:hover card	41.0 2554.0 480.0 17.0
unknown	rect	node:@ada	41.0 2575.0 480.0 21.0
unknown	rect	node:@ada	41.0 2575.0 37.0 21.0
unknown	rect	node:@ada	41.0 2575.0 37.0 21.0
unknown	rect	node:Dropdown and context menuitems, submenus	554.0 2340.0 314.0 222.0
unknown	rect	node:Dropdown and context menu	571.0 2357.0 280.0 24.0
unknown	rect	node:items, submenus, checks and radios	571.0 2385.0 280.0 16.0
unknown	rect	node:dropdownAccountcontext menuRight-click h	571.0 2405.0 280.0 140.0
unknown	rect	node:dropdownAccount	571.0 2417.0 280.0 57.0
unknown	rect	node:dropdown	571.0 2417.0 280.0 17.0
unknown	rect	node:Account	571.0 2438.0 280.0 36.0
unknown	rect	node:Account	571.0 2438.0 90.0 36.0
unknown	rect	node:Account	588.0 2446.0 56.0 20.0
unknown	rect	node:context menuRight-click here.	571.0 2486.0 280.0 59.0
unknown	rect	node:context menu	571.0 2486.0 280.0 16.0
unknown	rect	node:Right-click here.	571.0 2506.0 280.0 39.0
unknown	rect	node:Right-click here.	571.0 2506.0 123.0 39.0
unknown	rect	node:Right-click here.	571.0 2506.0 123.0 39.0
unknown	rect	node:Menubara bar of menus, walked left and r	884.0 2340.0 270.0 132.0
unknown	rect	node:Menubar	901.0 2357.0 236.0 24.0
unknown	rect	node:a bar of menus, walked left and right	901.0 2385.0 236.0 16.0
unknown	rect	node:FileEditView	901.0 2405.0 236.0 50.0
unknown	rect	node:FileEditView	901.0 2417.0 236.0 38.0
unknown	rect	node:File	906.0 2422.0 46.0 28.0
unknown	rect	node:File	906.0 2422.0 46.0 28.0
unknown	rect	node:File	918.0 2426.0 22.1 20.0
unknown	rect	node:Edit	956.0 2422.0 48.0 28.0
unknown	rect	node:Edit	956.0 2422.0 48.0 28.0
unknown	rect	node:Edit	968.0 2426.0 24.0 20.0
unknown	rect	node:View	1008.0 2422.0 54.0 28.0
unknown	rect	node:View	1008.0 2422.0 54.0 28.0
unknown	rect	node:View	1020.0 2426.0 30.7 20.0
unknown	rect	node:Select and comboboxchosen from a list, a	24.0 2629.0 514.0 219.0
unknown	rect	node:Select and combobox	41.0 2646.0 480.0 24.0
unknown	rect	node:chosen from a list, and searched for	41.0 2674.0 480.0 16.0
unknown	rect	node:selectPound sterlingEuropePound sterling	41.0 2694.0 480.0 137.0
unknown	rect	node:selectPound sterlingEuropePound sterling	41.0 2706.0 480.0 57.0
unknown	rect	node:select	41.0 2706.0 480.0 17.0
unknown	rect	node:Pound sterlingEuropePound sterlingEuroEl	41.0 2727.0 480.0 36.0
unknown	rect	node:Pound sterling	41.0 2727.0 180.0 36.0
unknown	rect	node:Pound sterling	50.0 2736.0 89.0 18.0
unknown	rect	node:	200.0 2739.0 12.0 12.0
unknown	rect	node:combobox	41.0 2775.0 480.0 56.0
unknown	rect	node:combobox	41.0 2775.0 480.0 16.0
unknown	rect	node:	41.0 2795.0 480.0 36.0
unknown	rect	node:	41.0 2795.0 480.0 36.0
unknown	rect	node:Commandeverything this program can do, i	554.0 2629.0 314.0 337.0
unknown	rect	node:Command	571.0 2646.0 280.0 24.0
unknown	rect	node:everything this program can do, in one s	571.0 2674.0 280.0 16.0
unknown	rect	node:InvoicesNew invoiceExport invoices⌘EAcco	571.0 2694.0 280.0 255.0
unknown	rect	node:InvoicesNew invoiceExport invoices⌘EAcco	571.0 2706.0 280.0 231.0
unknown	rect	node:	571.0 2706.0 280.0 36.0
unknown	rect	node:InvoicesNew invoiceExport invoices⌘EAcco	571.0 2742.0 280.0 195.0
unknown	rect	node:InvoicesNew invoiceExport invoices⌘E	575.0 2746.0 272.0 101.0
unknown	rect	node:Invoices	575.0 2746.0 272.0 25.0
unknown	rect	node:New invoice	575.0 2773.0 272.0 36.0
unknown	rect	node:	584.0 2783.0 16.0 16.0
unknown	rect	node:New invoice	763.0 2782.0 75.1 18.0
unknown	rect	node:Export invoices⌘E	575.0 2811.0 272.0 36.0
unknown	rect	node:	584.0 2821.0 16.0 16.0
unknown	rect	node:Export invoices	665.0 2820.0 94.2 18.0
unknown	rect	node:⌘E	939.0 2820.0 14.0 18.0
unknown	rect	node:	575.0 2851.0 272.0 1.0
unknown	rect	node:AccountSettings	575.0 2856.0 272.0 62.0
unknown	rect	node:Account	575.0 2856.0 272.0 24.0
unknown	rect	node:Settings	575.0 2882.0 272.0 36.0
unknown	rect	node:	584.0 2892.0 16.0 16.0
unknown	rect	node:Settings	788.0 2891.0 50.1 18.0
unknown	rect	node:	571.0 2949.0 280.0 0.0
unknown	rect	node:Breadcrumb and paginationwhere we are, a	884.0 2629.0 270.0 255.0
unknown	rect	node:Breadcrumb and pagination	901.0 2646.0 236.0 24.0
unknown	rect	node:where we are, and which page of it	901.0 2674.0 236.0 16.0
unknown	rect	node:breadcrumbHomeSettingsBillingpagination3	901.0 2694.0 236.0 173.0
unknown	rect	node:breadcrumbHomeSettingsBilling	901.0 2706.0 236.0 39.0
unknown	rect	node:breadcrumb	901.0 2706.0 236.0 17.0
unknown	rect	node:HomeSettingsBilling	901.0 2727.0 236.0 18.0
unknown	rect	node:HomeSettingsBilling	901.0 2727.0 221.0 18.0
unknown	rect	node:HomeSettingsBilling	901.0 2727.0 221.0 18.0
unknown	rect	node:Home	901.0 2727.0 36.0 18.0
unknown	rect	node:Home	901.0 2727.0 36.0 18.0
unknown	rect	node:	945.0 2730.0 12.0 12.0
unknown	rect	node:	945.0 2730.0 12.0 12.0
unknown	rect	node:Settings	965.0 2727.0 51.0 18.0
unknown	rect	node:Settings	965.0 2727.0 51.0 18.0
unknown	rect	node:	1024.0 2730.0 12.0 12.0
unknown	rect	node:	1024.0 2730.0 12.0 12.0
unknown	rect	node:	1044.0 2730.0 12.0 12.0
unknown	rect	node:	1044.0 2730.0 12.0 12.0
unknown	rect	node:	1044.0 2730.0 12.0 12.0
unknown	rect	node:	1064.0 2730.0 12.0 12.0
unknown	rect	node:	1064.0 2730.0 12.0 12.0
unknown	rect	node:Billing	1084.0 2727.0 38.0 18.0
unknown	rect	node:Billing	1084.0 2727.0 38.0 18.0
unknown	rect	node:pagination345	901.0 2757.0 236.0 56.0
unknown	rect	node:pagination	901.0 2757.0 236.0 16.0
unknown	rect	node:345	901.0 2777.0 236.0 36.0
unknown	rect	node:345	901.0 2777.0 236.0 36.0
unknown	rect	node:345	901.0 2777.0 236.0 36.0
unknown	rect	node:	901.0 2777.0 36.0 36.0
unknown	rect	node:	901.0 2777.0 36.0 36.0
unknown	rect	node:	913.0 2789.0 12.0 12.0
unknown	rect	node:3	941.0 2777.0 36.0 36.0
unknown	rect	node:3	941.0 2777.0 36.0 36.0
unknown	rect	node:3	955.0 2785.0 8.2 20.0
unknown	rect	node:4	981.0 2777.0 36.0 36.0
unknown	rect	node:4	981.0 2777.0 36.0 36.0
unknown	rect	node:4	995.0 2785.0 8.5 20.0
unknown	rect	node:5	1021.0 2777.0 36.0 36.0
unknown	rect	node:5	1021.0 2777.0 36.0 36.0
unknown	rect	node:5	1035.0 2785.0 8.0 20.0
unknown	rect	node:	1061.0 2777.0 36.0 36.0
unknown	rect	node:	1061.0 2777.0 36.0 36.0
unknown	rect	node:	1073.0 2789.0 12.0 12.0
unknown	rect	node:	1101.0 2777.0 36.0 36.0
unknown	rect	node:	1101.0 2777.0 36.0 36.0
unknown	rect	node:	1113.0 2789.0 12.0 12.0
unknown	rect	node:pagepage 4	901.0 2825.0 236.0 42.0
unknown	rect	node:page	901.0 2825.0 236.0 17.0
unknown	rect	node:page 4	901.0 2846.0 236.0 21.0
unknown	rect	node:page 4	901.0 2846.0 45.0 21.0
unknown	rect	node:Navigation menua section that opens unde	24.0 2982.0 514.0 127.0
unknown	rect	node:Navigation menu	41.0 2999.0 480.0 24.0
unknown	rect	node:a section that opens under the bar	41.0 3027.0 480.0 17.0
unknown	rect	node:ProductsCompanyPricing	41.0 3048.0 480.0 44.0
unknown	rect	node:ProductsCompanyPricing	41.0 3060.0 480.0 32.0
unknown	rect	node:ProductsCompanyPricing	41.0 3060.0 480.0 32.0
unknown	rect	node:Products	41.0 3060.0 80.0 32.0
unknown	rect	node:Products	41.0 3060.0 80.0 32.0
unknown	rect	node:Products	53.0 3066.0 56.0 19.5
unknown	rect	node:	41.0 3096.0 200.0 10.0
unknown	rect	node:Company	125.0 3060.0 83.0 32.0
unknown	rect	node:Company	125.0 3060.0 83.0 32.0
unknown	rect	node:Company	137.0 3066.0 59.6 19.5
unknown	rect	node:	125.0 3096.0 200.0 10.0
unknown	rect	node:Pricing	212.0 3060.0 68.0 32.0
unknown	rect	node:Pricing	212.0 3060.0 68.0 32.0
unknown	rect	node:Pricing	224.0 3066.0 44.0 19.5
unknown	rect	node:Sidebara panel down the side, folded by 	24.0 3125.0 1130.0 254.0
unknown	rect	node:Sidebar	41.0 3142.0 1096.0 24.0
unknown	rect	node:a panel down the side, folded by Ctrl+B	41.0 3170.0 1096.0 16.0
unknown	rect	node:zguiViewsFilesSearchHistorySigned in as 	41.0 3190.0 1096.0 172.0
unknown	rect	node:zguiViewsFilesSearchHistorySigned in as 	41.0 3202.0 1096.0 160.0
unknown	rect	node:zguiViewsFilesSearchHistorySigned in as 	50.0 3211.0 1078.0 142.0
unknown	rect	node:zguiViewsFilesSearchHistorySigned in as 	50.0 3211.0 260.0 142.0
unknown	rect	node:zgui	50.0 3211.0 259.0 46.0
unknown	rect	node:zgui	62.0 3223.0 235.0 21.0
unknown	rect	node:ViewsFilesSearchHistory	50.0 3257.0 259.0 50.0
unknown	rect	node:ViewsFilesSearchHistory	62.0 3269.0 220.0 121.0
unknown	rect	node:Views	62.0 3269.0 220.0 17.0
unknown	rect	node:FilesSearchHistory	62.0 3290.0 220.0 100.0
unknown	rect	node:Files	62.0 3290.0 220.0 32.0
unknown	rect	node:Files	62.0 3290.0 220.0 32.0
unknown	rect	node:Files	70.0 3296.0 29.1 19.5
unknown	rect	node:Search	62.0 3324.0 220.0 32.0
unknown	rect	node:Search	62.0 3324.0 220.0 32.0
unknown	rect	node:Search	70.0 3330.0 43.1 19.5
unknown	rect	node:History	62.0 3358.0 220.0 32.0
unknown	rect	node:History	62.0 3358.0 220.0 32.0
unknown	rect	node:History	70.0 3364.0 44.0 19.5
unknown	rect	node:Signed in as ada	50.0 3307.0 259.0 46.0
unknown	rect	node:Signed in as ada	62.0 3320.0 235.0 21.0
unknown	rect	node:The document.	310.0 3211.0 818.0 142.0
unknown	rect	node:	310.0 3211.0 28.0 28.0
unknown	rect	node:	318.0 3219.0 12.0 12.0
unknown	rect	node:The document.	310.0 3239.0 818.0 21.0
unknown	rect	node:Scroll areaa long list in a short box, w	24.0 3395.0 514.0 255.0
unknown	rect	node:Scroll area	41.0 3412.0 480.0 24.0
unknown	rect	node:a long list in a short box, with its own	41.0 3440.0 480.0 17.0
unknown	rect	node:AdaGraceBarbaraKatherineMargaretRadiaFra	41.0 3461.0 480.0 172.0
unknown	rect	node:AdaGraceBarbaraKatherineMargaretRadiaFra	41.0 3473.0 480.0 160.0
unknown	rect	node:AdaGraceBarbaraKatherineMargaretRadiaFra	41.0 3473.0 480.0 160.0
unknown	rect	node:AdaGraceBarbaraKatherineMargaretRadiaFra	41.0 3473.0 465.0 688.0
unknown	rect	node:Ada	41.0 3473.0 465.0 21.0
unknown	rect	node:Grace	41.0 3502.0 465.0 21.0
unknown	rect	node:Barbara	41.0 3531.0 465.0 21.0
unknown	rect	node:Katherine	41.0 3560.0 465.0 21.0
unknown	rect	node:Margaret	41.0 3589.0 465.0 21.0
unknown	rect	node:Radia	41.0 3618.0 465.0 21.0
unknown	rect	node:Frances	41.0 3647.0 465.0 21.0
unknown	rect	node:Jean	41.0 3676.0 465.0 21.0
unknown	rect	node:Adele	41.0 3705.0 465.0 21.0
unknown	rect	node:Mary	41.0 3734.0 465.0 21.0
unknown	rect	node:Evelyn	41.0 3763.0 465.0 21.0
unknown	rect	node:Betty	41.0 3792.0 465.0 21.0
unknown	rect	node:Kathleen	41.0 3821.0 465.0 21.0
unknown	rect	node:Marlyn	41.0 3850.0 465.0 21.0
unknown	rect	node:Ruth	41.0 3879.0 465.0 21.0
unknown	rect	node:Joan	41.0 3908.0 465.0 21.0
unknown	rect	node:Sister	41.0 3937.0 465.0 21.0
unknown	rect	node:Erna	41.0 3966.0 465.0 21.0
unknown	rect	node:Klara	41.0 3995.0 465.0 21.0
unknown	rect	node:Hedy	41.0 4024.0 465.0 21.0
unknown	rect	node:Dorothy	41.0 4053.0 465.0 21.0
unknown	rect	node:Annie	41.0 4082.0 465.0 21.0
unknown	rect	node:Henrietta	41.0 4111.0 465.0 21.0
unknown	rect	node:Williamina	41.0 4140.0 465.0 21.0
unknown	rect	node:	511.0 3473.0 10.0 160.0
unknown	rect	node:	513.0 3475.0 6.0 37.0
unknown	rect	node:Resizablea handle the pointer drags and 	554.0 3395.0 314.0 255.0
unknown	rect	node:Resizable	571.0 3412.0 280.0 24.0
unknown	rect	node:a handle the pointer drags and the arrow	571.0 3440.0 280.0 17.0
unknown	rect	node:InboxArchiveThe message, and what it say	571.0 3461.0 280.0 172.0
unknown	rect	node:InboxArchiveThe message, and what it say	571.0 3473.0 280.0 160.0
unknown	rect	node:InboxArchiveThe message, and what it say	571.0 3473.0 280.0 160.0
unknown	rect	node:InboxArchive	571.0 3473.0 98.0 160.0
unknown	rect	node:InboxArchive	571.0 3473.0 98.0 50.0
unknown	rect	node:Inbox	571.0 3473.0 98.0 21.0
unknown	rect	node:Archive	571.0 3502.0 98.0 21.0
unknown	rect	node:	669.0 3473.0 1.0 160.0
unknown	rect	node:The message, and what it says.	670.0 3473.0 182.0 160.0
unknown	rect	node:The message, and what it says.	670.0 3473.0 182.0 42.0
unknown	rect	node:Carouselone slide at a time, stepped wit	884.0 3395.0 270.0 134.0
unknown	rect	node:Carousel	901.0 3412.0 236.0 24.0
unknown	rect	node:one slide at a time, stepped with the ar	901.0 3440.0 236.0 17.0
unknown	rect	node:OneTwoThree	901.0 3461.0 236.0 51.0
unknown	rect	node:OneTwoThree	901.0 3473.0 236.0 39.0
unknown	rect	node:OneTwoThree	901.0 3473.0 172.0 39.0
unknown	rect	node:OneTwoThree	901.0 3473.0 172.0 39.0
unknown	rect	node:One	901.0 3473.0 172.0 39.0
unknown	rect	node:One	901.0 3473.0 172.0 39.0
unknown	rect	node:Two	1073.0 3473.0 172.0 39.0
unknown	rect	node:Two	1073.0 3473.0 172.0 39.0
unknown	rect	node:Three	1245.0 3473.0 172.0 39.0
unknown	rect	node:Three	1245.0 3473.0 172.0 39.0
unknown	rect	node:	1073.0 3476.0 32.0 32.0
unknown	rect	node:	1083.0 3486.0 12.0 12.0
unknown	rect	node:	1105.0 3476.0 32.0 32.0
unknown	rect	node:	1115.0 3486.0 12.0 12.0
unknown	rect	node:Tablelaid out by the column track list, 	24.0 3666.0 514.0 302.0
unknown	rect	node:Table	41.0 3683.0 480.0 24.0
unknown	rect	node:laid out by the column track list, not b	41.0 3711.0 480.0 16.0
unknown	rect	node:Last three monthsInvoiceAmountINV-001£25	41.0 3731.0 480.0 220.0
unknown	rect	node:Last three monthsInvoiceAmountINV-001£25	41.0 3743.0 480.0 208.0
unknown	rect	node:Last three months	41.0 3743.0 480.0 34.0
unknown	rect	node:Invoice	41.0 3777.0 360.0 35.0
unknown	rect	node:Invoice	53.0 3785.0 45.0 18.0
unknown	rect	node:Amount	401.0 3777.0 120.0 35.0
unknown	rect	node:Amount	459.0 3785.0 50.0 18.0
unknown	rect	node:INV-001	41.0 3812.0 360.0 35.0
unknown	rect	node:INV-001	53.0 3820.0 49.0 18.0
unknown	rect	node:£250.00	401.0 3812.0 120.0 35.0
unknown	rect	node:£250.00	461.0 3820.0 48.1 18.0
unknown	rect	node:INV-002	41.0 3847.0 360.0 35.0
unknown	rect	node:INV-002	53.0 3855.0 49.0 18.0
unknown	rect	node:£125.00	401.0 3847.0 120.0 35.0
unknown	rect	node:£125.00	461.0 3855.0 48.1 18.0
unknown	rect	node:INV-003	41.0 3882.0 360.0 35.0
unknown	rect	node:INV-003	53.0 3890.0 49.0 18.0
unknown	rect	node:£42.00	401.0 3882.0 120.0 35.0
unknown	rect	node:£42.00	468.0 3890.0 41.0 18.0
unknown	rect	node:Total	41.0 3917.0 360.0 34.0
unknown	rect	node:Total	53.0 3925.0 30.3 18.0
unknown	rect	node:£417.00	401.0 3917.0 120.0 34.0
unknown	rect	node:£417.00	461.0 3925.0 48.2 18.0
unknown	rect	node:Data tablesorted, searched, selected and	24.0 3984.0 1130.0 320.0
unknown	rect	node:Data table	41.0 4001.0 1096.0 24.0
unknown	rect	node:sorted, searched, selected and paged	41.0 4029.0 1096.0 17.0
unknown	rect	node:0 selectedItemCostPaper250pInk1250pBindi	41.0 4050.0 1096.0 237.0
unknown	rect	node:0 selectedItemCostPaper250pInk1250pBindi	41.0 4062.0 1096.0 225.0
unknown	rect	node:0 selected	41.0 4062.0 1096.0 39.0
unknown	rect	node:	41.0 4063.0 1030.0 36.0
unknown	rect	node:0 selected	1079.0 4062.0 58.0 39.0
unknown	rect	node:ItemCostPaper250pInk1250pBinding400p	41.0 4109.0 1096.0 142.0
unknown	rect	node:	42.0 4110.0 40.0 35.0
unknown	rect	node:	54.0 4119.0 16.0 16.0
unknown	rect	node:	50.0 4121.0 12.0 12.0
unknown	rect	node:	62.0 4121.0 12.0 12.0
unknown	rect	node:Item	82.0 4110.0 934.0 35.0
unknown	rect	node:Item	94.0 4118.0 908.0 18.0
unknown	rect	node:Item	94.0 4118.0 29.4 18.0
unknown	rect	node:	1010.0 4118.0 6.0 18.0
unknown	rect	node:Cost	1016.0 4110.0 120.0 35.0
unknown	rect	node:Cost	1028.0 4118.0 94.0 18.0
unknown	rect	node:Cost	1028.0 4118.0 27.5 18.0
unknown	rect	node:	1130.0 4118.0 6.0 18.0
unknown	rect	node:	42.0 4145.0 1094.0 0.0
unknown	rect	node:	42.0 4145.0 40.0 35.0
unknown	rect	node:	54.0 4154.0 16.0 16.0
unknown	rect	node:	50.0 4156.0 12.0 12.0
unknown	rect	node:	62.0 4156.0 12.0 12.0
unknown	rect	node:Paper	82.0 4145.0 934.0 35.0
unknown	rect	node:Paper	94.0 4153.0 36.0 18.0
unknown	rect	node:250p	1016.0 4145.0 120.0 35.0
unknown	rect	node:250p	1094.0 4153.0 30.3 18.0
unknown	rect	node:	42.0 4180.0 40.0 35.0
unknown	rect	node:	54.0 4189.0 16.0 16.0
unknown	rect	node:	50.0 4191.0 12.0 12.0
unknown	rect	node:	62.0 4191.0 12.0 12.0
unknown	rect	node:Ink	82.0 4180.0 934.0 35.0
unknown	rect	node:Ink	94.0 4188.0 19.4 18.0
unknown	rect	node:1250p	1016.0 4180.0 120.0 35.0
unknown	rect	node:1250p	1086.0 4188.0 38.0 18.0
unknown	rect	node:	42.0 4215.0 40.0 35.0
unknown	rect	node:	54.0 4224.0 16.0 16.0
unknown	rect	node:	50.0 4226.0 12.0 12.0
unknown	rect	node:	62.0 4226.0 12.0 12.0
unknown	rect	node:Binding	82.0 4215.0 934.0 35.0
unknown	rect	node:Binding	94.0 4223.0 47.2 18.0
unknown	rect	node:400p	1016.0 4215.0 120.0 35.0
unknown	rect	node:400p	1094.0 4223.0 30.3 18.0
unknown	rect	node:	42.0 4250.0 1094.0 0.0
unknown	rect	node:Page 1 of 2‹›	41.0 4259.0 1096.0 28.0
unknown	rect	node:Page 1 of 2	997.0 4263.0 68.0 19.0
unknown	rect	node:‹	2029.0 4259.0 28.0 28.0
unknown	rect	node:‹	2041.0 4263.0 4.0 19.5
unknown	rect	node:›	2065.0 4259.0 28.0 28.0
unknown	rect	node:›	2077.0 4263.0 4.0 19.5
unknown	rect	node:Chartthe same series drawn three ways050	24.0 4320.0 514.0 904.0
unknown	rect	node:Chart	41.0 4337.0 480.0 24.0
unknown	rect	node:the same series drawn three ways	41.0 4365.0 480.0 16.0
unknown	rect	node:050100150200Units050100150200Units050100	41.0 4385.0 480.0 822.0
unknown	rect	node:050100150200Units050100150200Units050100	41.0 4397.0 480.0 810.0
unknown	rect	node:050100150200Units	41.0 4397.0 480.0 265.0
unknown	rect	node:050100150200	41.0 4397.0 480.0 240.0
unknown	rect	node:	41.0 4397.0 480.0 240.0
unknown	rect	node:0	41.0 4606.0 6.0 17.0
unknown	rect	node:50	41.0 4557.0 13.0 16.0
unknown	rect	node:100	41.0 4507.0 19.0 17.0
unknown	rect	node:150	41.0 4457.0 19.0 17.0
unknown	rect	node:200	41.0 4408.0 19.0 16.0
unknown	rect	node:	41.0 4397.0 480.0 0.0
unknown	rect	node:	94.0 4494.0 68.0 119.0
unknown	rect	node:	179.0 4435.0 69.0 178.0
unknown	rect	node:	265.0 4524.0 68.0 89.0
unknown	rect	node:	350.0 4455.0 69.0 158.0
unknown	rect	node:	436.0 4405.0 68.0 208.0
unknown	rect	node:Units	41.0 4637.0 480.0 25.0
unknown	rect	node:Units	41.0 4645.0 41.0 17.0
unknown	rect	node:	41.0 4648.0 10.0 10.0
unknown	rect	node:Units	55.0 4645.0 27.0 17.0
unknown	rect	node:050100150200Units	41.0 4670.0 480.0 264.0
unknown	rect	node:050100150200	41.0 4670.0 480.0 240.0
unknown	rect	node:	41.0 4670.0 480.0 240.0
unknown	rect	node:0	41.0 4879.0 6.0 16.0
unknown	rect	node:50	41.0 4829.0 13.0 17.0
unknown	rect	node:100	41.0 4780.0 19.0 16.0
unknown	rect	node:150	41.0 4730.0 19.0 16.0
unknown	rect	node:200	41.0 4680.0 19.0 17.0
unknown	rect	node:	41.0 4670.0 480.0 0.0
unknown	rect	node:	41.0 4670.0 480.0 240.0
unknown	rect	node:	124.0 4763.0 8.0 8.0
unknown	rect	node:	209.0 4703.0 8.0 8.0
unknown	rect	node:	295.0 4792.0 8.0 8.0
unknown	rect	node:	381.0 4723.0 8.0 8.0
unknown	rect	node:	466.0 4674.0 8.0 8.0
unknown	rect	node:Units	41.0 4910.0 480.0 24.0
unknown	rect	node:Units	41.0 4918.0 41.0 16.0
unknown	rect	node:	41.0 4921.0 10.0 10.0
unknown	rect	node:Units	55.0 4918.0 27.0 16.0
unknown	rect	node:050100150200Units	41.0 4942.0 480.0 265.0
unknown	rect	node:050100150200	41.0 4942.0 480.0 240.0
unknown	rect	node:	41.0 4942.0 480.0 240.0
unknown	rect	node:0	41.0 5151.0 6.0 17.0
unknown	rect	node:50	41.0 5102.0 13.0 16.0
unknown	rect	node:100	41.0 5052.0 19.0 17.0
unknown	rect	node:150	41.0 5002.0 19.0 17.0
unknown	rect	node:200	41.0 4953.0 19.0 16.0
unknown	rect	node:	41.0 4942.0 480.0 0.0
unknown	rect	node:	41.0 4942.0 480.0 240.0
unknown	rect	node:	124.0 5035.0 8.0 8.0
unknown	rect	node:	209.0 4976.0 8.0 8.0
unknown	rect	node:	295.0 5065.0 8.0 8.0
unknown	rect	node:	381.0 4996.0 8.0 8.0
unknown	rect	node:	466.0 4946.0 8.0 8.0
unknown	rect	node:Units	41.0 5182.0 480.0 25.0
unknown	rect	node:Units	41.0 5190.0 41.0 17.0
unknown	rect	node:	41.0 5193.0 10.0 10.0
unknown	rect	node:Units	55.0 5190.0 27.0 17.0
unknown	rect	node:Calendar and date pickera month, and a m	554.0 4320.0 314.0 434.0
unknown	rect	node:Calendar and date picker	571.0 4337.0 280.0 24.0
unknown	rect	node:a month, and a month behind a button	571.0 4365.0 280.0 16.0
unknown	rect	node:‹July 2026›SuMoTuWeThFrSa282930123456789	571.0 4385.0 280.0 352.0
unknown	rect	node:‹July 2026›SuMoTuWeThFrSa282930123456789	571.0 4397.0 280.0 340.0
unknown	rect	node:‹July 2026›SuMoTuWeThFrSa282930123456789	571.0 4397.0 262.0 294.0
unknown	rect	node:‹July 2026›	584.0 4410.0 236.0 28.0
unknown	rect	node:‹	584.0 4410.0 28.0 28.0
unknown	rect	node:‹	596.0 4415.0 4.0 18.0
unknown	rect	node:July 2026	620.0 4415.0 164.0 18.0
unknown	rect	node:›	792.0 4410.0 28.0 28.0
unknown	rect	node:›	804.0 4415.0 4.0 18.0
unknown	rect	node:SuMoTuWeThFrSa28293012345678910111213141	584.0 4446.0 236.0 232.0
unknown	rect	node:Su	584.0 4446.0 32.0 28.0
unknown	rect	node:Su	594.0 4451.0 12.8 18.0
unknown	rect	node:Mo	618.0 4446.0 32.0 28.0
unknown	rect	node:Mo	626.0 4451.0 16.6 18.0
unknown	rect	node:Tu	652.0 4446.0 32.0 28.0
unknown	rect	node:Tu	662.0 4451.0 12.4 18.0
unknown	rect	node:We	686.0 4446.0 32.0 28.0
unknown	rect	node:We	694.0 4451.0 16.2 18.0
unknown	rect	node:Th	720.0 4446.0 32.0 28.0
unknown	rect	node:Th	730.0 4451.0 12.9 18.0
unknown	rect	node:Fr	754.0 4446.0 32.0 28.0
unknown	rect	node:Fr	765.0 4451.0 10.3 18.0
unknown	rect	node:Sa	788.0 4446.0 32.0 28.0
unknown	rect	node:Sa	798.0 4451.0 12.2 18.0
unknown	rect	node:28	584.0 4476.0 32.0 32.0
unknown	rect	node:28	593.0 4483.0 14.9 18.0
unknown	rect	node:29	618.0 4476.0 32.0 32.0
unknown	rect	node:29	627.0 4483.0 14.9 18.0
unknown	rect	node:30	652.0 4476.0 32.0 32.0
unknown	rect	node:30	661.0 4483.0 14.9 18.0
unknown	rect	node:1	686.0 4476.0 32.0 32.0
unknown	rect	node:1	698.0 4483.0 8.0 18.0
unknown	rect	node:2	720.0 4476.0 32.0 32.0
unknown	rect	node:2	732.0 4483.0 8.0 18.0
unknown	rect	node:3	754.0 4476.0 32.0 32.0
unknown	rect	node:3	766.0 4483.0 8.0 18.0
unknown	rect	node:4	788.0 4476.0 32.0 32.0
unknown	rect	node:4	800.0 4483.0 8.0 18.0
unknown	rect	node:5	584.0 4510.0 32.0 32.0
unknown	rect	node:5	596.0 4517.0 8.0 18.0
unknown	rect	node:6	618.0 4510.0 32.0 32.0
unknown	rect	node:6	630.0 4517.0 8.0 18.0
unknown	rect	node:7	652.0 4510.0 32.0 32.0
unknown	rect	node:7	664.0 4517.0 8.0 18.0
unknown	rect	node:8	686.0 4510.0 32.0 32.0
unknown	rect	node:8	698.0 4517.0 8.0 18.0
unknown	rect	node:9	720.0 4510.0 32.0 32.0
unknown	rect	node:9	732.0 4517.0 8.0 18.0
unknown	rect	node:10	754.0 4510.0 32.0 32.0
unknown	rect	node:10	763.0 4517.0 14.9 18.0
unknown	rect	node:11	788.0 4510.0 32.0 32.0
unknown	rect	node:11	797.0 4517.0 14.9 18.0
unknown	rect	node:12	584.0 4544.0 32.0 32.0
unknown	rect	node:12	593.0 4551.0 14.9 18.0
unknown	rect	node:13	618.0 4544.0 32.0 32.0
unknown	rect	node:13	627.0 4551.0 14.9 18.0
unknown	rect	node:14	652.0 4544.0 32.0 32.0
unknown	rect	node:14	661.0 4551.0 14.9 18.0
unknown	rect	node:15	686.0 4544.0 32.0 32.0
unknown	rect	node:15	695.0 4551.0 14.9 18.0
unknown	rect	node:16	720.0 4544.0 32.0 32.0
unknown	rect	node:16	729.0 4551.0 14.9 18.0
unknown	rect	node:17	754.0 4544.0 32.0 32.0
unknown	rect	node:17	763.0 4551.0 14.9 18.0
unknown	rect	node:18	788.0 4544.0 32.0 32.0
unknown	rect	node:18	797.0 4551.0 14.9 18.0
unknown	rect	node:19	584.0 4578.0 32.0 32.0
unknown	rect	node:19	593.0 4585.0 14.9 18.0
unknown	rect	node:20	618.0 4578.0 32.0 32.0
unknown	rect	node:20	627.0 4585.0 14.9 18.0
unknown	rect	node:21	652.0 4578.0 32.0 32.0
unknown	rect	node:21	661.0 4585.0 14.9 18.0
unknown	rect	node:22	686.0 4578.0 32.0 32.0
unknown	rect	node:22	695.0 4585.0 14.9 18.0
unknown	rect	node:23	720.0 4578.0 32.0 32.0
unknown	rect	node:23	729.0 4585.0 14.9 18.0
unknown	rect	node:24	754.0 4578.0 32.0 32.0
unknown	rect	node:24	763.0 4585.0 14.9 18.0
unknown	rect	node:25	788.0 4578.0 32.0 32.0
unknown	rect	node:25	797.0 4585.0 14.9 18.0
unknown	rect	node:26	584.0 4612.0 32.0 32.0
unknown	rect	node:26	593.0 4619.0 14.9 18.0
unknown	rect	node:27	618.0 4612.0 32.0 32.0
unknown	rect	node:27	627.0 4619.0 14.9 18.0
unknown	rect	node:28	652.0 4612.0 32.0 32.0
unknown	rect	node:28	661.0 4619.0 14.9 18.0
unknown	rect	node:29	686.0 4612.0 32.0 32.0
unknown	rect	node:29	695.0 4619.0 14.9 18.0
unknown	rect	node:30	720.0 4612.0 32.0 32.0
unknown	rect	node:30	729.0 4619.0 14.9 18.0
unknown	rect	node:31	754.0 4612.0 32.0 32.0
unknown	rect	node:31	763.0 4619.0 14.9 18.0
unknown	rect	node:1	788.0 4612.0 32.0 32.0
unknown	rect	node:1	800.0 4619.0 8.0 18.0
unknown	rect	node:2	584.0 4646.0 32.0 32.0
unknown	rect	node:2	596.0 4653.0 8.0 18.0
unknown	rect	node:3	618.0 4646.0 32.0 32.0
unknown	rect	node:3	630.0 4653.0 8.0 18.0
unknown	rect	node:4	652.0 4646.0 32.0 32.0
unknown	rect	node:4	664.0 4653.0 8.0 18.0
unknown	rect	node:5	686.0 4646.0 32.0 32.0
unknown	rect	node:5	698.0 4653.0 8.0 18.0
unknown	rect	node:6	720.0 4646.0 32.0 32.0
unknown	rect	node:6	732.0 4653.0 8.0 18.0
unknown	rect	node:7	754.0 4646.0 32.0 32.0
unknown	rect	node:7	766.0 4653.0 8.0 18.0
unknown	rect	node:8	788.0 4646.0 32.0 32.0
unknown	rect	node:8	800.0 4653.0 8.0 18.0
unknown	rect	node:Pick a date	571.0 4699.0 280.0 38.0
unknown	rect	node:Pick a date	571.0 4699.0 280.0 38.0
unknown	rect	node:Pick a date	584.0 4708.0 66.0 20.0
unknown	rect	node:Virtualised lista hundred thousand rows,	884.0 4320.0 270.0 271.0
unknown	rect	node:Virtualised list	901.0 4337.0 236.0 24.0
unknown	rect	node:a hundred thousand rows, of which a coup	901.0 4365.0 236.0 33.0
unknown	rect	node:row 0row 1row 2row 3row 4row 5row 6row 7	901.0 4402.0 236.0 172.0
unknown	rect	node:row 0row 1row 2row 3row 4row 5row 6row 7	901.0 4414.0 236.0 160.0
unknown	rect	node:row 0row 1row 2row 3row 4row 5row 6row 7	910.0 4423.0 203.0 2399967.0
unknown	rect	node:row 0	910.0 4423.0 203.0 21.0
unknown	rect	node:row 1	910.0 4444.0 203.0 21.0
unknown	rect	node:row 2	910.0 4465.0 203.0 21.0
unknown	rect	node:row 3	910.0 4486.0 203.0 21.0
unknown	rect	node:row 4	910.0 4507.0 203.0 21.0
unknown	rect	node:row 5	910.0 4528.0 203.0 21.0
unknown	rect	node:row 6	910.0 4549.0 203.0 21.0
unknown	rect	node:row 7	910.0 4570.0 203.0 21.0
unknown	rect	node:row 8	910.0 4591.0 203.0 21.0
unknown	rect	node:row 9	910.0 4612.0 203.0 21.0
unknown	rect	node:row 10	910.0 4633.0 203.0 21.0
unknown	rect	node:Turned typeone run at five angles, and s	24.0 5240.0 514.0 529.0
unknown	rect	node:Turned type	41.0 5257.0 480.0 24.0
unknown	rect	node:one run at five angles, and skewed and s	41.0 5285.0 480.0 16.0
unknown	rect	node:rotationHlturn 0Hlturn 30Hlturn 60Hlturn	41.0 5305.0 480.0 447.0
unknown	rect	node:rotationHlturn 0Hlturn 30Hlturn 60Hlturn	41.0 5317.0 480.0 278.0
unknown	rect	node:rotation	41.0 5317.0 480.0 17.0
unknown	rect	node:Hlturn 0Hlturn 30Hlturn 60Hlturn 90Hltur	41.0 5338.0 480.0 257.0
unknown	rect	node:Hlturn 0	41.0 5338.0 104.0 124.0
unknown	rect	node:Hl	41.0 5338.0 104.0 104.0
unknown	rect	node:Hl	77.0 5367.0 32.0 45.0
unknown	rect	node:turn 0	77.0 5446.0 32.0 16.0
unknown	rect	node:Hlturn 30	153.0 5338.0 104.0 124.0
unknown	rect	node:Hl	153.0 5338.0 104.0 104.0
unknown	rect	node:Hl	189.0 5367.0 32.0 45.0
unknown	rect	node:turn 30	186.0 5446.0 38.0 16.0
unknown	rect	node:Hlturn 60	265.0 5338.0 104.0 124.0
unknown	rect	node:Hl	265.0 5338.0 104.0 104.0
unknown	rect	node:Hl	301.0 5367.0 32.0 45.0
unknown	rect	node:turn 60	298.0 5446.0 38.0 16.0
unknown	rect	node:Hlturn 90	377.0 5338.0 104.0 124.0
unknown	rect	node:Hl	377.0 5338.0 104.0 104.0
unknown	rect	node:Hl	413.0 5367.0 32.0 45.0
unknown	rect	node:turn 90	410.0 5446.0 38.0 16.0
unknown	rect	node:Hlturn 135	41.0 5470.0 104.0 125.0
unknown	rect	node:Hl	41.0 5470.0 104.0 104.0
unknown	rect	node:Hl	77.0 5500.0 32.0 45.0
unknown	rect	node:turn 135	71.0 5578.0 44.0 17.0
unknown	rect	node:skew and non-uniform scaleAgskewAgscale 	41.0 5607.0 480.0 145.0
unknown	rect	node:skew and non-uniform scale	41.0 5607.0 480.0 16.0
unknown	rect	node:AgskewAgscale wideAgscale tall	41.0 5627.0 480.0 125.0
unknown	rect	node:Agskew	41.0 5627.0 104.0 125.0
unknown	rect	node:Ag	41.0 5627.0 104.0 104.0
unknown	rect	node:Ag	73.0 5657.0 40.0 45.0
unknown	rect	node:skew	80.0 5735.0 26.0 17.0
unknown	rect	node:Agscale wide	153.0 5627.0 104.0 125.0
unknown	rect	node:Ag	153.0 5627.0 104.0 104.0
unknown	rect	node:Ag	185.0 5657.0 40.0 45.0
unknown	rect	node:scale wide	178.0 5735.0 54.0 17.0
unknown	rect	node:Agscale tall	265.0 5627.0 104.0 125.0
unknown	rect	node:Ag	265.0 5627.0 104.0 104.0
unknown	rect	node:Ag	297.0 5657.0 40.0 45.0
unknown	rect	node:scale tall	295.0 5735.0 44.0 17.0
unknown	rect	node:Text on a turned carda whole component r	554.0 5240.0 314.0 324.0
unknown	rect	node:Text on a turned card	571.0 5257.0 280.0 24.0
unknown	rect	node:a whole component rotated, text and all	571.0 5285.0 280.0 16.0
unknown	rect	node:Nine degrees overEvery run inside a rota	571.0 5305.0 280.0 242.0
unknown	rect	node:Nine degrees overEvery run inside a rota	571.0 5317.0 280.0 230.0
unknown	rect	node:Nine degrees overEvery run inside a rota	571.0 5352.0 280.0 160.0
unknown	rect	node:Nine degrees overEvery run inside a rota	572.0 5353.0 278.0 88.0
unknown	rect	node:Nine degrees over	596.0 5377.0 230.0 24.0
unknown	rect	node:Every run inside a rotated box is turned	596.0 5405.0 230.0 36.0
unknown	rect	node:OutlinedNot tiled	572.0 5441.0 278.0 70.0
unknown	rect	node:OutlinedNot tiled	596.0 5465.0 230.0 22.0
unknown	rect	node:Outlined	596.0 5465.0 63.0 22.0
unknown	rect	node:Outlined	605.0 5468.0 45.0 16.0
unknown	rect	node:Not tiled	667.0 5465.0 62.0 22.0
unknown	rect	node:Not tiled	676.0 5468.0 44.4 16.0
unknown	rect	node:Display and gradienttoo large for a cach	884.0 5240.0 270.0 373.0
unknown	rect	node:Display and gradient	901.0 5257.0 236.0 24.0
unknown	rect	node:too large for a cache, and filled with a	901.0 5285.0 236.0 16.0
unknown	rect	node:116 pxAgrampRamped	901.0 5305.0 236.0 291.0
unknown	rect	node:116 pxAg	901.0 5317.0 236.0 166.0
unknown	rect	node:116 px	901.0 5317.0 236.0 17.0
unknown	rect	node:Ag	901.0 5338.0 236.0 145.0
unknown	rect	node:Ag	901.0 5338.0 159.0 145.0
unknown	rect	node:rampRamped	901.0 5495.0 236.0 101.0
unknown	rect	node:ramp	901.0 5495.0 236.0 16.0
unknown	rect	node:Ramped	901.0 5515.0 236.0 81.0
unknown	rect	node:Ramped	901.0 5515.0 227.0 81.0
unknown	rect	node:Spacingletter-spacing and word-spacing, 	24.0 5785.0 514.0 332.0
unknown	rect	node:Spacing	41.0 5802.0 480.0 24.0
unknown	rect	node:letter-spacing and word-spacing, against	41.0 5830.0 480.0 16.0
unknown	rect	node:normalTracking and wordsletter-spacing -	41.0 5850.0 480.0 250.0
unknown	rect	node:normalTracking and words	41.0 5862.0 480.0 51.0
unknown	rect	node:normal	41.0 5862.0 480.0 17.0
unknown	rect	node:Tracking and words	41.0 5883.0 480.0 30.0
unknown	rect	node:Tracking and words	41.0 5883.0 183.0 30.0
unknown	rect	node:letter-spacing -0.06emTracking and words	41.0 5925.0 480.0 50.0
unknown	rect	node:letter-spacing -0.06em	41.0 5925.0 480.0 16.0
unknown	rect	node:Tracking and words	41.0 5945.0 480.0 30.0
unknown	rect	node:Tracking and words	41.0 5945.0 160.0 30.0
unknown	rect	node:letter-spacing 0.32emTracking and words	41.0 5987.0 480.0 51.0
unknown	rect	node:letter-spacing 0.32em	41.0 5987.0 480.0 17.0
unknown	rect	node:Tracking and words	41.0 6008.0 480.0 30.0
unknown	rect	node:Tracking and words	41.0 6008.0 305.0 30.0
unknown	rect	node:word-spacing 1.4emTracking and words	41.0 6050.0 480.0 50.0
unknown	rect	node:word-spacing 1.4em	41.0 6050.0 480.0 16.0
unknown	rect	node:Tracking and words	41.0 6070.0 480.0 30.0
unknown	rect	node:Tracking and words	41.0 6070.0 239.0 30.0
unknown	rect	node:Decorationsolid, double, wavy, through, 	554.0 5785.0 314.0 245.0
unknown	rect	node:Decoration	571.0 5802.0 280.0 24.0
unknown	rect	node:solid, double, wavy, through, over, and 	571.0 5830.0 280.0 16.0
unknown	rect	node:underlineSolidDoubleWavythrough and over	571.0 5850.0 280.0 163.0
unknown	rect	node:underlineSolidDoubleWavy	571.0 5862.0 280.0 51.0
unknown	rect	node:underline	571.0 5862.0 280.0 17.0
unknown	rect	node:SolidDoubleWavy	571.0 5883.0 280.0 30.0
unknown	rect	node:Solid	571.0 5883.0 46.0 30.0
unknown	rect	node:Double	625.0 5883.0 68.0 30.0
unknown	rect	node:Wavy	701.0 5883.0 49.0 30.0
unknown	rect	node:through and overLine throughOverlineBoth	571.0 5925.0 280.0 88.0
unknown	rect	node:through and over	571.0 5925.0 280.0 16.0
unknown	rect	node:Line throughOverlineBoth at once	571.0 5945.0 280.0 68.0
unknown	rect	node:Line through	571.0 5945.0 121.0 30.0
unknown	rect	node:Overline	700.0 5945.0 79.0 30.0
unknown	rect	node:Both at once	571.0 5983.0 119.0 30.0
unknown	rect	node:Turned and still selectableclick either 	24.0 6133.0 1130.0 285.0
unknown	rect	node:Turned and still selectable	41.0 6150.0 1096.0 24.0
unknown	rect	node:click either one: the caret goes in fron	41.0 6178.0 1096.0 17.0
unknown	rect	node:Upright, and you can put the caret anywh	41.0 6199.0 1096.0 202.0
unknown	rect	node:Upright, and you can put the caret anywh	41.0 6211.0 1096.0 190.0
unknown	rect	node:Upright, and you can put the caret anywh	289.0 6268.0 300.0 75.0
unknown	rect	node:Turned fourteen degrees, and the caret s	589.0 6253.0 300.0 105.0
unknown	rect	node:One asset, four coloursthe same source, 	24.0 6434.0 514.0 372.0
unknown	rect	node:One asset, four colours	41.0 6451.0 480.0 24.0
unknown	rect	node:the same source, following the colour of	41.0 6479.0 480.0 16.0
unknown	rect	node:contextsstar on plainstar on rosestar on	41.0 6499.0 480.0 290.0
unknown	rect	node:contextsstar on plainstar on rosestar on	41.0 6511.0 480.0 105.0
unknown	rect	node:contexts	41.0 6511.0 480.0 17.0
unknown	rect	node:star on plainstar on rosestar on tealsta	41.0 6532.0 480.0 84.0
unknown	rect	node:star on plain	41.0 6532.0 65.0 84.0
unknown	rect	node:	41.0 6532.0 64.0 64.0
unknown	rect	node:	49.0 6540.0 48.0 48.0
unknown	rect	node:star on plain	41.0 6600.0 65.0 16.0
unknown	rect	node:star on rose	114.0 6532.0 64.0 84.0
unknown	rect	node:	114.0 6532.0 64.0 64.0
unknown	rect	node:	122.0 6540.0 48.0 48.0
unknown	rect	node:star on rose	115.0 6600.0 61.0 16.0
unknown	rect	node:star on teal	186.0 6532.0 64.0 84.0
unknown	rect	node:	186.0 6532.0 64.0 64.0
unknown	rect	node:	194.0 6540.0 48.0 48.0
unknown	rect	node:star on teal	188.0 6600.0 59.0 16.0
unknown	rect	node:star on ink	258.0 6532.0 64.0 84.0
unknown	rect	node:	258.0 6532.0 64.0 64.0
unknown	rect	node:	266.0 6540.0 48.0 48.0
unknown	rect	node:star on ink	262.0 6600.0 55.0 16.0
unknown	rect	node:inside a controlFavouriteOutline	41.0 6628.0 480.0 57.0
unknown	rect	node:inside a control	41.0 6628.0 480.0 17.0
unknown	rect	node:FavouriteOutline	41.0 6649.0 480.0 36.0
unknown	rect	node:Favourite	41.0 6649.0 132.0 36.0
unknown	rect	node:	58.0 6653.0 28.0 28.0
unknown	rect	node:Favourite	94.0 6657.0 62.2 20.0
unknown	rect	node:Outline	181.0 6649.0 118.0 36.0
unknown	rect	node:	198.0 6653.0 28.0 28.0
unknown	rect	node:Outline	234.0 6657.0 48.1 20.0
unknown	rect	node:sizes	41.0 6697.0 480.0 92.0
unknown	rect	node:sizes	41.0 6697.0 480.0 16.0
unknown	rect	node:	41.0 6717.0 480.0 72.0
unknown	rect	node:	41.0 6739.0 28.0 28.0
unknown	rect	node:	77.0 6729.0 48.0 48.0
unknown	rect	node:	133.0 6717.0 72.0 72.0
unknown	rect	node:Fitting a view boxone wide drawing in th	554.0 6434.0 314.0 634.0
unknown	rect	node:Fitting a view box	571.0 6451.0 280.0 24.0
unknown	rect	node:one wide drawing in three shapes of box	571.0 6479.0 280.0 16.0
unknown	rect	node:box shapesbanner in a squarebanner in a 	571.0 6499.0 280.0 552.0
unknown	rect	node:box shapesbanner in a squarebanner in a 	571.0 6511.0 280.0 286.0
unknown	rect	node:box shapes	571.0 6511.0 280.0 17.0
unknown	rect	node:banner in a squarebanner in a wide boxba	571.0 6532.0 280.0 265.0
unknown	rect	node:banner in a square	571.0 6532.0 97.0 116.0
unknown	rect	node:	572.0 6532.0 96.0 96.0
unknown	rect	node:	573.0 6533.0 96.0 96.0
unknown	rect	node:banner in a square	571.0 6632.0 97.0 16.0
unknown	rect	node:banner in a wide box	676.0 6556.0 144.0 68.0
unknown	rect	node:	676.0 6556.0 144.0 48.0
unknown	rect	node:	677.0 6557.0 144.0 48.0
unknown	rect	node:banner in a wide box	694.0 6608.0 108.0 16.0
unknown	rect	node:banner in a tall box	571.0 6656.0 99.0 141.0
unknown	rect	node:	597.0 6656.0 48.0 120.0
unknown	rect	node:	598.0 6657.0 48.0 120.0
unknown	rect	node:banner in a tall box	571.0 6780.0 99.0 17.0
unknown	rect	node:preserveAspectRatioaspect xMidYMid meeta	571.0 6809.0 280.0 242.0
unknown	rect	node:preserveAspectRatio	571.0 6809.0 280.0 16.0
unknown	rect	node:aspect xMidYMid meetaspect noneaspect xM	571.0 6829.0 280.0 222.0
unknown	rect	node:aspect xMidYMid meet	571.0 6829.0 144.0 69.0
unknown	rect	node:	571.0 6829.0 144.0 48.0
unknown	rect	node:	572.0 6830.0 144.0 48.0
unknown	rect	node:aspect xMidYMid meet	584.0 6881.0 118.0 17.0
unknown	rect	node:aspect none	571.0 6906.0 144.0 68.0
unknown	rect	node:	571.0 6906.0 144.0 48.0
unknown	rect	node:	572.0 6907.0 144.0 48.0
unknown	rect	node:aspect none	612.0 6958.0 62.0 16.0
unknown	rect	node:aspect xMinYMid meet	571.0 6982.0 144.0 69.0
unknown	rect	node:	571.0 6982.0 144.0 48.0
unknown	rect	node:	572.0 6983.0 144.0 48.0
unknown	rect	node:aspect xMinYMid meet	584.0 7034.0 118.0 17.0
unknown	rect	node:A ramp and a clipcolours the document br	884.0 6434.0 270.0 368.0
unknown	rect	node:A ramp and a clip	901.0 6451.0 236.0 24.0
unknown	rect	node:colours the document brings, through an 	901.0 6479.0 236.0 33.0
unknown	rect	node:two sizesin a tinted contextfacet on ros	901.0 6516.0 236.0 269.0
unknown	rect	node:two sizes	901.0 6528.0 236.0 132.0
unknown	rect	node:two sizes	901.0 6528.0 236.0 16.0
unknown	rect	node:	901.0 6548.0 236.0 112.0
unknown	rect	node:	901.0 6576.0 56.0 56.0
unknown	rect	node:	965.0 6548.0 112.0 112.0
unknown	rect	node:in a tinted contextfacet on rose	901.0 6672.0 236.0 113.0
unknown	rect	node:in a tinted context	901.0 6672.0 236.0 17.0
unknown	rect	node:facet on rose	901.0 6693.0 236.0 92.0
unknown	rect	node:facet on rose	901.0 6693.0 72.0 92.0
unknown	rect	node:	901.0 6693.0 72.0 72.0
unknown	rect	node:	909.0 6701.0 56.0 56.0
unknown	rect	node:facet on rose	903.0 6769.0 68.0 16.0
unknown	rect	node:A palette of its ownan illustration and 	24.0 7084.0 1130.0 271.0
unknown	rect	node:A palette of its own	41.0 7101.0 1096.0 24.0
unknown	rect	node:an illustration and an icon side by side	41.0 7129.0 1096.0 16.0
unknown	rect	node:the pair, twicepair on rosepair on teal	41.0 7149.0 1096.0 189.0
unknown	rect	node:the pair, twicepair on rosepair on teal	41.0 7161.0 1096.0 177.0
unknown	rect	node:the pair, twice	41.0 7161.0 1096.0 17.0
unknown	rect	node:pair on rosepair on teal	41.0 7182.0 1096.0 156.0
unknown	rect	node:pair on rose	41.0 7182.0 212.0 156.0
unknown	rect	node:	41.0 7182.0 212.0 136.0
unknown	rect	node:	53.0 7194.0 112.0 112.0
unknown	rect	node:	177.0 7218.0 64.0 64.0
unknown	rect	node:pair on rose	116.0 7322.0 62.0 16.0
unknown	rect	node:pair on teal	261.0 7182.0 212.0 156.0
unknown	rect	node:	261.0 7182.0 212.0 136.0
unknown	rect	node:	273.0 7194.0 112.0 112.0
unknown	rect	node:	397.0 7218.0 64.0 64.0
unknown	rect	node:pair on teal	338.0 7322.0 58.0 16.0
unknown	rect	node:Not tinted by its contextfour background	24.0 7371.0 514.0 224.0
unknown	rect	node:Not tinted by its context	41.0 7388.0 480.0 24.0
unknown	rect	node:four backgrounds, one unchanged picture	41.0 7416.0 480.0 17.0
unknown	rect	node:scenesscene on plainscene on rosescene o	41.0 7437.0 480.0 141.0
unknown	rect	node:scenesscene on plainscene on rosescene o	41.0 7449.0 480.0 129.0
unknown	rect	node:scenes	41.0 7449.0 480.0 16.0
unknown	rect	node:scene on plainscene on rosescene on teal	41.0 7469.0 480.0 109.0
unknown	rect	node:scene on plain	41.0 7469.0 88.0 109.0
unknown	rect	node:	41.0 7469.0 88.0 88.0
unknown	rect	node:	53.0 7481.0 64.0 64.0
unknown	rect	node:scene on plain	48.0 7561.0 74.0 17.0
unknown	rect	node:scene on rose	137.0 7469.0 88.0 109.0
unknown	rect	node:	137.0 7469.0 88.0 88.0
unknown	rect	node:	149.0 7481.0 64.0 64.0
unknown	rect	node:scene on rose	145.0 7561.0 72.0 17.0
unknown	rect	node:scene on teal	233.0 7469.0 88.0 109.0
unknown	rect	node:	233.0 7469.0 88.0 88.0
unknown	rect	node:	245.0 7481.0 64.0 64.0
unknown	rect	node:scene on teal	243.0 7561.0 68.0 17.0
unknown	rect	node:scene on ink	329.0 7469.0 88.0 109.0
unknown	rect	node:	329.0 7469.0 88.0 88.0
unknown	rect	node:	341.0 7481.0 64.0 64.0
unknown	rect	node:scene on ink	341.0 7561.0 64.0 17.0
unknown	rect	panel:Button	0.0 0.0 514.0 338.0
works	Button	every variant is laid out	6 of 6 present, missing []
works	Button	the sizes are three different heights	[30.0, 36.0, 42.0]
works	Button	the label is still in the tree, hovered	the hovered button still says Outline
works	Button	the label is still in the tree, focused	focus is on "Outline"
works	Button	a click puts focus on the button	focus went to "Outline"
works	Button	the disabled one is drawn as well as the enabled one	6 boxes say Default
unknown	rect	panel:Icon	0.0 0.0 314.0 183.0
works	Icon	the icons take up room	13 textless boxes inside the panel
unknown	rect	panel:Badge, label, separator	0.0 -354.0 314.0 312.0
works	Badge	all four are laid out	4 of 4
unknown	rect	panel:Avatar and skeleton	330.0 -354.0 270.0 267.0
works	Avatar	three avatars are laid out	3 of 3
unknown	rect	panel:Input and textarea	0.0 0.0 270.0 414.0
unknown	rect	field:name	17.0 120.0 236.0 36.0
works	Input	a click puts a caret in the field	the model reports Some(0..0)
works	Input	the click focuses the field	focus is on "Ada Lovelace"
works	Input	the caret lands where the click was, not at the end	the caret is at offset Some(0) of twelve characters
works	Input	typing reaches the field	the field now says "ZzAda Lovelace"
works	Input	the value survives losing focus	the typed text is still there
works	Input	the empty field holds no text of its own, which is what its placeholder rule matches on	the empty field is Some(Some(Rect { origin: Point { x: DevicePx(17.0), y: DevicePx(188.0), space: "device" }, size: Size { width: DevicePx(236.0), height: DevicePx(36.0), space: "device" }, space: "device" }))
unknown	rect	field:notes	17.0 325.0 236.0 72.0
works	Textarea	a long line goes in	61 characters are in the field
works	Textarea	the line wrapped rather than ran off the edge	the field is 72.0 device pixels tall and holds 61 characters
works	Textarea	a left-edge click on a wrapped row lands on that row rather than the end of the one above	the caret is at offset 31 of 61 characters
unknown	rect	panel:One-time code	0.0 0.0 514.0 159.0
works	InputOtp	six boxes are laid out	8 boxes of at most one character
works	InputOtp	typed digits land in the boxes	the boxes say "444222111333555"
unknown	rect	panel:Form	0.0 0.0 314.0 226.0
BROKEN	Form	submitting an invalid field says what is wrong	the field's own message is laid out
works	Form	the message goes when the field is put right	the message is gone
unknown	rect	panel:Checkbox	0.0 0.0 270.0 181.0
BROKEN	Checkbox	clicking the box focuses it	focus is on ""
works	Label	clicking a label moves focus to the control it names	focus is on ""
unknown	rect	panel:Radio and switch	0.0 0.0 514.0 189.0
works	RadioGroup	a click focuses a radio	focus is on Some(NodeId(doc 0, 4294967927))
BROKEN	RadioGroup	the right arrow moves to the next radio	focus went from Some(NodeId(doc 0, 4294967927)) to Some(NodeId(doc 0, 4294967927))
works	RadioGroup	walking wraps rather than stopping on the disabled one	focus is now Some(NodeId(doc 0, 4294967927))
BROKEN	Switch	clicking moves the thumb	the thumb was at None and is now at None
unknown	rect	panel:Toggle	0.0 0.0 314.0 230.0
works	Toggle	a click focuses the toggle	focus is on "I"
unknown	rect	panel:Slider	0.0 0.0 270.0 217.0
works	Slider	it starts at the value it was given	it reads Some(40.0)
unknown	rect	slider:track	17.0 98.0 236.0 20.0
works	Slider	a press on the track moves the value to that point	pressing three quarters along gave Some(75.0)
works	Slider	the right arrow moves it one step	Some(75.0) became Some(80.0) on one press, and the step is 5
works	Slider	home goes to the bottom of the range	home gave Some(0.0)
works	Slider	a drag that leaves the control still moves it	dragging to the middle and below gave Some(50.0)
unknown	rect	panel:Alert	-860.0 246.0 514.0 258.0
works	Alert	both tones are laid out	2 of 2
unknown	rect	panel:Card	-330.0 246.0 314.0 295.0
works	Card	the header, body and footer are all laid out	4 of 4 parts
unknown	rect	panel:Progress	0.0 0.0 270.0 201.0
works	Progress	the determinate bar starts where it was put	it reads Some("62%")
BROKEN	Progress	the bar is filled to the value it reports	the filled part is Some(1.0) of the track, and the value is 0.62
works	Progress	the buttons move it	two presses of More gave Some("82%")
BROKEN	Progress	the bar follows the value	the filled part is now Some(1.0)
BROKEN	Progress	the indeterminate bar animates	over 1.5s and 92 frames the moving part went from None to None
unknown	rect	panel:Toast	0.0 0.0 514.0 151.0
works	Toast	announcing one puts it on the screen	the toast's description is laid out
works	Toast	a second one stacks with the first	2 toasts are on the screen
unknown	rect	panel:Accordion	0.0 0.0 314.0 309.0
works	Accordion	the item it opened with is open	the shipping answer is laid out
BROKEN	Accordion	the items it did not open with are closed	the returns answer produces no box
works	Accordion	clicking a trigger opens its answer	the returns answer is laid out after the click
BROKEN	Accordion	opening one closes the one that was open	the shipping answer produces no box any more
works	Accordion	the down arrow walks to the next trigger	focus went from Some(NodeId(doc 0, 4294968314)) to Some(NodeId(doc 0, 4294968332))
works	Accordion	Enter opens what the arrows walked to	the support answer is laid out
unknown	rect	panel:Collapsible	0.0 0.0 270.0 132.0
BROKEN	Collapsible	it starts folded	the content produces no box
works	Collapsible	clicking unfolds it	the content is laid out
BROKEN	Collapsible	clicking again folds it back	the content produces no box again
unknown	rect	panel:Tabs	0.0 0.0 514.0 165.0
works	Tabs	the panel it opened on is the only one showing	the profile panel is laid out and the billing one is not
works	Tabs	clicking a tab shows its panel and hides the other	the billing panel is laid out and the profile one is not
works	Tabs	the left arrow moves between tabs	focus went from "Billing" to "Profile"
works	Tabs	the arrows activate as they move	moving back to Profile showed the profile panel
works	Tabs	the disabled tab is never landed on	two rights from Profile landed on "Profile"
unknown	rect	panel:Dialog	0.0 0.0 314.0 236.0
works	Dialog	the trigger opens it	the dialog's title is laid out
works	Dialog	Tab is trapped inside the modal	12 tabs left the dialog 0 times; they landed on ["", "Pound sterling", "Cancel", "Rename", "", "", "Pound sterling", "Cancel", "Rename", "", "", "Pound sterling"]
works	Select	it opens inside a dialog	the list's other items are laid out
works	Select	Escape closes the list and not the dialog	after one Escape the list is closed and the dialog is still open
works	Dialog	the second Escape closes the dialog	the dialog's title produces no box
unknown	rect	panel:Collapsible	0.0 0.0 270.0 132.0
BROKEN	Overlay	the page still takes a pointer after a dialog closed with Escape	a click on the page's collapsible did nothing, so something is over it
unknown	rect	panel:Dialog	0.0 0.0 314.0 236.0
works	AlertDialog	it opens	the title is laid out
works	AlertDialog	cancelling closes it	the title produces no box
unknown	rect	panel:Collapsible	0.0 0.0 270.0 132.0
BROKEN	Overlay	the page still takes a pointer after an alert dialog	a click on the page's collapsible did nothing, so something is over it
unknown	rect	panel:Sheet and drawer	0.0 0.0 270.0 219.0
works	Sheet	it opens	the sheet's title is laid out
BROKEN	Sheet	it arrives on the side it was asked for	its title is at x Some(592.0)
works	Sheet	Escape closes it	the title produces no box
unknown	rect	panel:Collapsible	0.0 0.0 270.0 132.0
BROKEN	Overlay	the page still takes a pointer after a sheet	a click on the page's collapsible did nothing, so something is over it
unknown	rect	panel:Sheet and drawer	0.0 0.0 270.0 219.0
works	Drawer	it opens	the drawer's title is laid out
works	Drawer	its own button closes it	the title produces no box
unknown	rect	panel:Collapsible	0.0 0.0 270.0 132.0
BROKEN	Overlay	the page still takes a pointer after a drawer	a click on the page's collapsible did nothing, so something is over it
unknown	rect	panel:Popover, tooltip, hover card	0.0 0.0 514.0 273.0
works	Popover	it opens	the popover's label is laid out
works	Popover	it is placed where it was asked to be	the trigger is at Some(Rect { origin: Point { x: DevicePx(17.0), y: DevicePx(98.0), space: "device" }, size: Size { width: DevicePx(480.0), height: DevicePx(36.0), space: "device" }, space: "device" }) and the surface at Some(Rect { origin: Point { x: DevicePx(34.0), y: DevicePx(157.0), space: "device" }, size: Size { width: DevicePx(186.0), height: DevicePx(18.0), space: "device" }, space: "device" })
works	Popover	a click outside dismisses it	the label produces no box
unknown	rect	panel:Collapsible	0.0 0.0 270.0 132.0
BROKEN	Overlay	the page still takes a pointer after a popover	a click on the page's collapsible did nothing, so something is over it
unknown	rect	panel:Popover, tooltip, hover card	0.0 0.0 514.0 273.0
works	Tooltip	it waits for its delay and then opens	after the move it was false, and after 700ms true
BROKEN	Tooltip	it closes when the pointer goes	the tooltip produces no box once the pointer has left
works	HoverCard	resting on the trigger opens it	the card's text is laid out
works	HoverCard	it closes when the pointer goes	the card produces no box once the pointer has left
unknown	rect	panel:Collapsible	0.0 0.0 270.0 132.0
BROKEN	Overlay	the page still takes a pointer after a tooltip and a hover card	a click on the page's collapsible did nothing, so something is over it
unknown	rect	panel:Dropdown and context menu	0.0 0.0 314.0 222.0
works	DropdownMenu	it opens with all its items	6 of 6 items are laid out
BROKEN	DropdownMenu	typeahead jumps to the item that starts with the letter	typing b focused "Account"
BROKEN	DropdownMenu	the down arrow walks the items	the arrow moved from "Account" to "Account"
works	DropdownMenu	the disabled item is never landed on	the arrow landed on "Account"
works	MenuSub	resting on the sub-trigger opens the submenu	both submenu items are laid out
works	MenuSub	Escape closes the submenu and leaves the menu	the submenu is closed and the menu is open
BROKEN	DropdownMenu	Escape closes the menu	the items produce no boxes
works	DropdownMenu	focus goes back to the trigger	focus is on "Account"
unknown	rect	panel:Dropdown and context menu	0.0 0.0 314.0 222.0
works	ContextMenu	the secondary button opens it	both items are laid out
works	ContextMenu	Escape closes it	the items produce no boxes
unknown	rect	panel:Menubar	0.0 0.0 270.0 132.0
works	Menubar	a click opens the menu under it	the File items are laid out
BROKEN	Menubar	the right arrow moves along the bar and swaps the open menu	the Edit items are not up and the File items are still up
works	Menubar	Escape closes the bar's menu	the items produce no boxes
unknown	rect	panel:Select and combobox	0.0 0.0 514.0 219.0
works	Select	a closed select shows what is chosen, not its placeholder	the trigger says Pound sterling and the placeholder is not laid out
BROKEN	Select	it opens with its groups and labels	PROBE europe=false elsewhere=false dollar=true
works	Select	choosing closes the list and leaves the choice on the trigger	the list is closed and the trigger says US dollar
unknown	rect	panel:Select and combobox	0.0 0.0 514.0 219.0
unknown	Combobox	note	no input
unknown	rect	panel:Command	0.0 0.0 314.0 337.0
unknown	Command	note	no input
unknown	rect	panel:Breadcrumb and pagination	0.0 0.0 270.0 255.0
works	Breadcrumb	the whole trail is laid out	3 of 3 crumbs
works	Pagination	it starts on the page it was given	it reads Some("page 4")
works	Pagination	the last control in the row steps the page	clicking it gave Some("page 5")
unknown	rect	panel:Navigation menu	0.0 0.0 514.0 127.0
works	NavigationMenu	it starts with nothing open	the Products links produce no boxes
works	NavigationMenu	a click opens its section	the Products links are laid out
works	NavigationMenu	opening one section closes the other	the Company links are up and the Products links are gone
works	NavigationMenu	Escape closes what is open	the links produce no boxes
unknown	rect	panel:Sidebar	0.0 0.0 1130.0 254.0
works	Sidebar	it is laid out with its groups and its items	the panel is Some(1130.0) device pixels wide
BROKEN	Sidebar	Ctrl+B folds it from anywhere in the window	it was Some(1130.0) wide and is now Some(1130.0)
works	Sidebar	the trigger unfolds it again	it is Some(1130.0) wide, and it started at Some(1130.0)
unknown	rect	panel:Scroll area	0.0 0.0 514.0 255.0
works	ScrollArea	it holds more than it shows	the content is 688 tall and the box shows 160
works	ScrollArea	the wheel scrolls it	three notches moved the offset from 0.0 to 45.5
works	ScrollArea	a trackpad gesture scrolls it too	the offset went from 45.5 to 461.8
works	ScrollArea	the wheel scrolls back up and stops at the top	the offset came back to 230.0
unknown	rect	panel:Resizable	0.0 213.0 314.0 255.0
works	Resizable	both panes are laid out	the first pane is Some(98.0) device pixels wide
works	Resizable	dragging the handle moves the split	the first pane went from Some(98.0) to Some(280.0)
BROKEN	Resizable	the arrows move the split as well	two left arrows took it from Some(280.0) to Some(280.0)
unknown	rect	panel:Carousel	0.0 0.0 270.0 134.0
works	Carousel	its slides are laid out	the slides with boxes are ["One", "One"]
works	Carousel	the next control moves the slides along	the first slide's left edge went from Some(17.0) to Some(-155.0)
works	PageScroll	a notch away from the user moves the page down	one notch took the page from 3377.3 to 3440.3 device pixels
unknown	PageScroll	note	one notch covered 63.0 device pixels and three covered 189.0
works	PageScroll	a notch towards the user moves it back and stops at the top	six notches up came back to 3251.3
unknown	PageScroll	note	a 120 CSS-pixel gesture moved it 360.0 device pixels at scale 1.00
works	PageScroll	hovering does not move the page	the page was at 1469.3 and a hover at (135, 94) left it at 1469.3
works	PageScroll	pressing does not move the page	the page was at 1469.3 and is at 1469.3 after a click
unknown	rect	panel:Table	0.0 0.0 514.0 302.0
works	Table	the header, body and footer rows are all laid out	5 of 5 cells
works	Table	the amounts share a column and are aligned to its end	their right edges are at [497.0, 497.0, 497.0]
unknown	rect	panel:Data table	0.0 0.0 1130.0 320.0
BROKEN	DataTable	it pages rather than showing everything	the first page holds ["Paper", "Paper", "Ink", "Ink", "Binding", "Binding"]
works	DataTable	clicking a column heading sorts the rows	["Paper", "Paper", "Ink", "Ink", "Binding", "Binding"] became ["Binding", "Binding", "Envelopes", "Envelopes", "Ink", "Ink"]
BROKEN	DataTable	typing in the filter narrows the rows	filtering for ink left ["Ink", "Ink"]
unknown	rect	panel:Chart	0.0 0.0 514.0 904.0
works	Chart	the charts produce marks	23 textless boxes in the panel
works	Chart	the marks differ in size the way the numbers do	the tallest and shortest mark differ by 232.0 device pixels
unknown	rect	panel:Calendar and date picker	0.0 0.0 314.0 434.0
works	Calendar	a month of days is laid out	84 day cells
works	DatePicker	the button opens a month	a day cell is laid out under the button
works	DatePicker	choosing a day closes the month and puts the date on the button	the placeholder is gone
BROKEN	Calendar	the arrows walk the days	focus went from "15" to "15"
unknown	rect	panel:Virtualised list	0.0 0.0 270.0 271.0
works	Virtualize	only a window of the hundred thousand rows exists	10 rows are laid out
BROKEN	Virtualize	the window starts at the top	the first row is Some("row 0row 1row 2row 3row 4row 5row 6row 7row 8row 9row 10")
works	Virtualize	scrolling brings rows from further down the list	the first row is now Some("row 309row 310row 311row 312row 313row 314row 315row 316row 317row 318row 319row 320row 321row 322row 323") at offset 7524
works	Virtualize	the window stays small however far it is scrolled	14 rows exist after scrolling
works	Focus	everything in the focus order is laid out	102 focusable nodes, 0 of which have no box
works	Focus	the page has as many controls as it shows	102 focusable nodes
works	Focus	Tab keeps moving rather than sticking	90 tabs stayed put 0 times and landed nowhere 0 times
works	Focus	Tab reaches a large part of the page	90 tabs visited 90 distinct controls
works	Focus	Shift+Tab goes back the way Tab came	forward at Some(NodeId(doc 0, 4294969886)), back to Some(NodeId(doc 0, 4294969828)), and back-back-forward to Some(NodeId(doc 0, 4294969828))
unknown	rect	focus:ring	-418.0 354.0 8.0 8.0
unknown	rect	theme:Button	-860.0 -4194.0 514.0 338.0
unknown	rect	theme:Badge, label, separator	-330.0 -4194.0 314.0 312.0
unknown	rect	theme:Avatar and skeleton	0.0 -4194.0 270.0 267.0
unknown	rect	theme:Icon	-330.0 -3840.0 314.0 183.0
unknown	rect	theme:Input and textarea	0.0 -3840.0 270.0 414.0
unknown	rect	theme:One-time code	-860.0 -3338.0 514.0 159.0
unknown	rect	theme:Form	-330.0 -3338.0 314.0 226.0
unknown	rect	theme:Checkbox	0.0 -3338.0 270.0 181.0
unknown	rect	theme:Radio and switch	-860.0 -3096.0 514.0 189.0
unknown	rect	theme:Toggle	-330.0 -3096.0 314.0 230.0
unknown	rect	theme:Slider	0.0 -3096.0 270.0 217.0
unknown	rect	theme:Alert	-860.0 -2850.0 514.0 258.0
unknown	rect	theme:Card	-330.0 -2850.0 314.0 295.0
unknown	rect	theme:Progress	0.0 -2850.0 270.0 201.0
unknown	rect	theme:Accordion	-330.0 -2539.0 314.0 291.0
unknown	rect	theme:Collapsible	0.0 -2539.0 270.0 132.0
unknown	rect	theme:Tabs	-860.0 -2232.0 514.0 165.0
unknown	rect	theme:Table	-860.0 -654.0 514.0 302.0
BROKEN	ThemeProvider	the switch changes the scheme the window says it is in	the badge went from Some("light") to Some("light")
works	ThemeProvider	the switch goes back again	the badge reads Some("light")
